pattern_id,company_id,role_id,typical_rounds_count,difficulty_rating,notes
1,1,9,5,9,Blinkit Frontend Engineer interview process covers Leadership Principles and OOP. Candidates are evaluated on real-world problem solving.
2,1,2,5,7,Blinkit SDE I interview process covers System Design and DSA. Candidates are evaluated on real-world problem solving.
3,1,1,4,6,Blinkit Intern interview process covers Database Design and System Design. Candidates are evaluated on real-world problem solving.
4,2,9,5,7,Zomato Frontend Engineer interview process covers System Design and OOP and Concurrency. Candidates are evaluated on real-world problem solving.
5,2,8,3,8,Zomato Backend Engineer interview process covers Queues and Concurrency. Candidates are evaluated on real-world problem solving.
6,2,1,4,4,Zomato Intern interview process covers OOP and Caching and DSA. Candidates are evaluated on real-world problem solving.
7,3,3,4,10,Swiggy SDE II interview process covers DSA and Concurrency. Candidates are evaluated on real-world problem solving.
8,3,1,3,6,Swiggy Intern interview process covers DSA and Leadership Principles. Candidates are evaluated on real-world problem solving.
9,3,9,4,7,Swiggy Frontend Engineer interview process covers Queues and System Design and Leadership Principles. Candidates are evaluated on real-world problem solving.
10,4,3,5,9,Paytm SDE II interview process covers Database Design and Caching. Candidates are evaluated on real-world problem solving.
11,4,8,4,7,Paytm Backend Engineer interview process covers Queues and OOP. Candidates are evaluated on real-world problem solving.
12,4,2,3,8,Paytm SDE I interview process covers DSA and Queues. Candidates are evaluated on real-world problem solving.
13,5,3,6,10,PhonePe SDE II interview process covers Queues and Leadership Principles and System Design. Candidates are evaluated on real-world problem solving.
14,5,8,3,8,PhonePe Backend Engineer interview process covers Database Design and Leadership Principles and System Design. Candidates are evaluated on real-world problem solving.
15,6,1,4,4,Flipkart Intern interview process covers Concurrency and DSA. Candidates are evaluated on real-world problem solving.
16,6,8,3,9,Flipkart Backend Engineer interview process covers Leadership Principles and OOP. Candidates are evaluated on real-world problem solving.
17,7,2,4,7,Amazon SDE I interview process covers Concurrency and Queues. Candidates are evaluated on real-world problem solving.
18,7,1,2,4,Amazon Intern interview process covers Concurrency and Queues and Caching. Candidates are evaluated on real-world problem solving.
19,8,9,4,7,Google Frontend Engineer interview process covers Queues and Database Design. Candidates are evaluated on real-world problem solving.
20,8,3,5,8,Google SDE II interview process covers Queues and OOP. Candidates are evaluated on real-world problem solving.
21,8,1,3,4,Google Intern interview process covers Queues and Leadership Principles and OOP. Candidates are evaluated on real-world problem solving.
22,9,8,4,8,Microsoft Backend Engineer interview process covers Leadership Principles and System Design. Candidates are evaluated on real-world problem solving.
23,9,9,3,8,Microsoft Frontend Engineer interview process covers Leadership Principles and DSA. Candidates are evaluated on real-world problem solving.
24,9,1,4,5,Microsoft Intern interview process covers Database Design and Concurrency and System Design. Candidates are evaluated on real-world problem solving.
25,10,2,3,7,Meta SDE I interview process covers System Design and OOP and Caching. Candidates are evaluated on real-world problem solving.
26,10,3,4,8,Meta SDE II interview process covers Queues and Caching and OOP. Candidates are evaluated on real-world problem solving.
27,10,8,5,7,Meta Backend Engineer interview process covers Concurrency and Queues. Candidates are evaluated on real-world problem solving.
28,11,8,4,8,Pocket FM Backend Engineer interview process covers Concurrency and System Design. Candidates are evaluated on real-world problem solving.
29,11,2,5,6,Pocket FM SDE I interview process covers Concurrency and Caching and OOP. Candidates are evaluated on real-world problem solving.
30,12,8,5,8,Probo Backend Engineer interview process covers Queues and Concurrency and OOP. Candidates are evaluated on real-world problem solving.
31,12,2,5,7,Probo SDE I interview process covers OOP and Database Design and Leadership Principles. Candidates are evaluated on real-world problem solving.
32,13,8,4,8,e3NexT Solutions Backend Engineer interview process covers Caching and Database Design. Candidates are evaluated on real-world problem solving.
33,13,1,3,4,e3NexT Solutions Intern interview process covers Database Design and DSA. Candidates are evaluated on real-world problem solving.
34,13,3,5,10,e3NexT Solutions SDE II interview process covers OOP and System Design and Queues. Candidates are evaluated on real-world problem solving.
35,14,2,3,7,Rippling SDE I interview process covers OOP and Queues and Concurrency. Candidates are evaluated on real-world problem solving.
36,14,8,5,9,Rippling Backend Engineer interview process covers Leadership Principles and System Design and Caching. Candidates are evaluated on real-world problem solving.
37,14,3,5,8,Rippling SDE II interview process covers Leadership Principles and System Design. Candidates are evaluated on real-world problem solving.
38,15,9,3,9,Alltius Frontend Engineer interview process covers DSA and Concurrency. Candidates are evaluated on real-world problem solving.
39,15,1,2,6,Alltius Intern interview process covers System Design and Caching. Candidates are evaluated on real-world problem solving.
40,16,1,4,5,FRND Intern interview process covers DSA and OOP and Caching. Candidates are evaluated on real-world problem solving.
41,16,2,5,8,FRND SDE I interview process covers Leadership Principles and DSA and Queues. Candidates are evaluated on real-world problem solving.
42,105,1,4,5,Finrep AI Intern interview process covers DSA and OOP and Caching. Candidates are evaluated on real-world problem solving.
43,105,9,5,8,Finrep AI Frontend Engineer interview process covers System Design and DSA. Candidates are evaluated on real-world problem solving.
44,105,3,6,8,Finrep AI SDE II interview process covers Concurrency and OOP. Candidates are evaluated on real-world problem solving.
45,18,3,4,9,Toddle SDE II interview process covers Leadership Principles and OOP and System Design. Candidates are evaluated on real-world problem solving.
46,18,9,5,7,Toddle Frontend Engineer interview process covers System Design and Caching and Queues. Candidates are evaluated on real-world problem solving.
47,18,2,3,6,Toddle SDE I interview process covers Queues and Concurrency and OOP. Candidates are evaluated on real-world problem solving.
48,19,1,2,4,TCS Intern interview process covers Queues and Caching and Database Design. Candidates are evaluated on real-world problem solving.
49,19,9,5,7,TCS Frontend Engineer interview process covers Concurrency and System Design. Candidates are evaluated on real-world problem solving.
50,19,3,6,10,TCS SDE II interview process covers OOP and DSA and Queues. Candidates are evaluated on real-world problem solving.
51,20,9,4,7,Wipro Frontend Engineer interview process covers Database Design and Queues. Candidates are evaluated on real-world problem solving.
52,20,1,4,5,Wipro Intern interview process covers OOP and System Design. Candidates are evaluated on real-world problem solving.
53,20,8,5,7,Wipro Backend Engineer interview process covers Caching and Concurrency and Leadership Principles. Candidates are evaluated on real-world problem solving.
54,21,1,2,4,Accenture Intern interview process covers Concurrency and Queues and DSA. Candidates are evaluated on real-world problem solving.
55,21,3,5,10,Accenture SDE II interview process covers Caching and DSA and Leadership Principles. Candidates are evaluated on real-world problem solving.
56,22,8,4,9,Cognizant Backend Engineer interview process covers Queues and System Design and Caching. Candidates are evaluated on real-world problem solving.
57,22,9,5,9,Cognizant Frontend Engineer interview process covers System Design and Queues and OOP. Candidates are evaluated on real-world problem solving.
58,22,1,3,4,Cognizant Intern interview process covers System Design and Database Design. Candidates are evaluated on real-world problem solving.
59,23,8,5,8,Infosys Backend Engineer interview process covers Caching and DSA and Queues. Candidates are evaluated on real-world problem solving.
60,23,2,3,7,Infosys SDE I interview process covers Caching and Queues and Database Design. Candidates are evaluated on real-world problem solving.
61,24,2,3,7,FactSet SDE I interview process covers Queues and DSA and Leadership Principles. Candidates are evaluated on real-world problem solving.
62,24,1,2,5,FactSet Intern interview process covers Caching and Queues. Candidates are evaluated on real-world problem solving.
63,25,1,3,4,American Express Intern interview process covers Database Design and Caching. Candidates are evaluated on real-world problem solving.
64,25,3,5,8,American Express SDE II interview process covers OOP and Database Design. Candidates are evaluated on real-world problem solving.
65,25,2,4,7,American Express SDE I interview process covers System Design and Leadership Principles. Candidates are evaluated on real-world problem solving.
66,26,3,5,8,Tata Consultancy Services SDE II interview process covers OOP and System Design and Caching. Candidates are evaluated on real-world problem solving.
67,26,8,5,8,Tata Consultancy Services Backend Engineer interview process covers Leadership Principles and DSA. Candidates are evaluated on real-world problem solving.
68,26,2,3,7,Tata Consultancy Services SDE I interview process covers Queues and Database Design. Candidates are evaluated on real-world problem solving.
69,27,3,5,10,HashedIn SDE II interview process covers OOP and Database Design. Candidates are evaluated on real-world problem solving.
70,27,8,5,9,HashedIn Backend Engineer interview process covers Leadership Principles and Database Design. Candidates are evaluated on real-world problem solving.
71,27,2,3,7,HashedIn SDE I interview process covers OOP and Caching and Queues. Candidates are evaluated on real-world problem solving.
72,28,9,4,8,GoScale Technologies Frontend Engineer interview process covers Caching and DSA and OOP. Candidates are evaluated on real-world problem solving.
73,28,2,3,8,GoScale Technologies SDE I interview process covers DSA and Caching. Candidates are evaluated on real-world problem solving.
74,28,8,4,9,GoScale Technologies Backend Engineer interview process covers Leadership Principles and Queues. Candidates are evaluated on real-world problem solving.
75,29,1,3,4,Software Development Engineer III Intern interview process covers Concurrency and Database Design and Caching. Candidates are evaluated on real-world problem solving.
76,29,8,3,9,Software Development Engineer III Backend Engineer interview process covers Queues and DSA and Concurrency. Candidates are evaluated on real-world problem solving.
77,29,3,6,9,Software Development Engineer III SDE II interview process covers Queues and OOP and DSA. Candidates are evaluated on real-world problem solving.
78,30,9,3,9,University of Oklahoma Frontend Engineer interview process covers Database Design and Caching and OOP. Candidates are evaluated on real-world problem solving.
79,30,1,2,6,University of Oklahoma Intern interview process covers Caching and Queues and Concurrency. Candidates are evaluated on real-world problem solving.
80,30,8,3,7,University of Oklahoma Backend Engineer interview process covers OOP and System Design. Candidates are evaluated on real-world problem solving.
81,31,8,4,8,MyMedGlobal Backend Engineer interview process covers Caching and DSA. Candidates are evaluated on real-world problem solving.
82,31,3,5,8,MyMedGlobal SDE II interview process covers Queues and DSA and Leadership Principles. Candidates are evaluated on real-world problem solving.
83,32,3,5,9,Zoho SDE II interview process covers Leadership Principles and Database Design. Candidates are evaluated on real-world problem solving.
84,32,9,4,7,Zoho Frontend Engineer interview process covers Leadership Principles and Database Design and DSA. Candidates are evaluated on real-world problem solving.
85,33,1,3,6,V-REAP Foundation Intern interview process covers Database Design and Caching. Candidates are evaluated on real-world problem solving.
86,33,9,3,9,V-REAP Foundation Frontend Engineer interview process covers Database Design and Leadership Principles. Candidates are evaluated on real-world problem solving.
87,33,8,5,8,V-REAP Foundation Backend Engineer interview process covers Concurrency and Queues and Leadership Principles. Candidates are evaluated on real-world problem solving.
88,34,2,4,6,Lead4u SDE I interview process covers Leadership Principles and OOP. Candidates are evaluated on real-world problem solving.
89,34,8,4,8,Lead4u Backend Engineer interview process covers Concurrency and System Design. Candidates are evaluated on real-world problem solving.
90,35,1,2,5,Voice Qube Intern interview process covers Concurrency and Leadership Principles and DSA. Candidates are evaluated on real-world problem solving.
91,35,9,4,9,Voice Qube Frontend Engineer interview process covers Caching and OOP and Concurrency. Candidates are evaluated on real-world problem solving.
92,35,3,6,9,Voice Qube SDE II interview process covers Caching and Database Design. Candidates are evaluated on real-world problem solving.
93,36,9,5,8,Pucho Technology Information Private Limited Frontend Engineer interview process covers Database Design and Leadership Principles. Candidates are evaluated on real-world problem solving.
94,36,2,3,6,Pucho Technology Information Private Limited SDE I interview process covers System Design and Leadership Principles and Database Design. Candidates are evaluated on real-world problem solving.
95,36,3,6,8,Pucho Technology Information Private Limited SDE II interview process covers Queues and OOP and System Design. Candidates are evaluated on real-world problem solving.
96,37,8,5,9,Mate Labs Backend Engineer interview process covers Database Design and Concurrency. Candidates are evaluated on real-world problem solving.
97,37,2,4,6,Mate Labs SDE I interview process covers Caching and Queues. Candidates are evaluated on real-world problem solving.
98,37,9,4,9,Mate Labs Frontend Engineer interview process covers Caching and DSA. Candidates are evaluated on real-world problem solving.
99,38,2,5,8,KocharTech SDE I interview process covers Queues and Caching and Concurrency. Candidates are evaluated on real-world problem solving.
100,38,9,4,9,KocharTech Frontend Engineer interview process covers Leadership Principles and System Design and DSA. Candidates are evaluated on real-world problem solving.
101,38,8,5,7,KocharTech Backend Engineer interview process covers OOP and DSA. Candidates are evaluated on real-world problem solving.
102,39,2,4,8,Offshore Software Solutions SDE I interview process covers System Design and OOP and DSA. Candidates are evaluated on real-world problem solving.
103,39,3,5,10,Offshore Software Solutions SDE II interview process covers DSA and Queues and Caching. Candidates are evaluated on real-world problem solving.
104,39,1,3,6,Offshore Software Solutions Intern interview process covers Queues and DSA. Candidates are evaluated on real-world problem solving.
105,40,3,5,9,Mad Street Den SDE II interview process covers System Design and Concurrency and DSA. Candidates are evaluated on real-world problem solving.
106,40,1,2,4,Mad Street Den Intern interview process covers Queues and System Design and OOP. Candidates are evaluated on real-world problem solving.
107,41,2,3,8,30% of development efforts leading to higher throughputs SDE I interview process covers OOP and Leadership Principles and Queues. Candidates are evaluated on real-world problem solving.
108,41,9,3,8,30% of development efforts leading to higher throughputs Frontend Engineer interview process covers OOP and Leadership Principles and Database Design. Candidates are evaluated on real-world problem solving.
109,42,2,3,7,Shopconnect.live SDE I interview process covers Database Design and System Design. Candidates are evaluated on real-world problem solving.
110,42,8,3,9,Shopconnect.live Backend Engineer interview process covers Concurrency and Queues and Caching. Candidates are evaluated on real-world problem solving.
111,43,8,5,8,Toddle - Your Teaching Partner Backend Engineer interview process covers Queues and Concurrency and DSA. Candidates are evaluated on real-world problem solving.
112,43,2,5,6,Toddle - Your Teaching Partner SDE I interview process covers OOP and Caching and Database Design. Candidates are evaluated on real-world problem solving.
113,43,3,5,9,Toddle - Your Teaching Partner SDE II interview process covers DSA and Queues and Caching. Candidates are evaluated on real-world problem solving.
114,44,8,3,9,Rocket Backend Engineer interview process covers Concurrency and Leadership Principles and System Design. Candidates are evaluated on real-world problem solving.
115,44,3,5,9,Rocket SDE II interview process covers OOP and Database Design and Leadership Principles. Candidates are evaluated on real-world problem solving.
116,45,9,4,9,Virtusa Frontend Engineer interview process covers DSA and Leadership Principles. Candidates are evaluated on real-world problem solving.
117,45,8,5,8,Virtusa Backend Engineer interview process covers System Design and Queues. Candidates are evaluated on real-world problem solving.
118,46,8,3,8,Edyst Backend Engineer interview process covers Database Design and Caching. Candidates are evaluated on real-world problem solving.
119,46,9,4,7,Edyst Frontend Engineer interview process covers System Design and Caching and Database Design. Candidates are evaluated on real-world problem solving.
120,47,1,4,4,EPAM Systems Intern interview process covers Queues and Caching. Candidates are evaluated on real-world problem solving.
121,47,3,5,10,EPAM Systems SDE II interview process covers Queues and Caching. Candidates are evaluated on real-world problem solving.
122,47,8,3,9,EPAM Systems Backend Engineer interview process covers DSA and System Design. Candidates are evaluated on real-world problem solving.
123,48,1,2,6,Jio Platforms Intern interview process covers DSA and Leadership Principles and Caching. Candidates are evaluated on real-world problem solving.
124,48,2,4,6,Jio Platforms SDE I interview process covers Database Design and Concurrency and DSA. Candidates are evaluated on real-world problem solving.
125,48,3,4,9,Jio Platforms SDE II interview process covers System Design and DSA. Candidates are evaluated on real-world problem solving.
126,49,3,5,8,Web Development Intern SDE II interview process covers System Design and OOP. Candidates are evaluated on real-world problem solving.
127,49,9,5,7,Web Development Intern Frontend Engineer interview process covers Leadership Principles and Database Design. Candidates are evaluated on real-world problem solving.
128,49,1,4,4,Web Development Intern Intern interview process covers Queues and OOP. Candidates are evaluated on real-world problem solving.
129,50,2,3,6,Samsung Electronics SDE I interview process covers Caching and Concurrency and Database Design. Candidates are evaluated on real-world problem solving.
130,50,1,2,4,Samsung Electronics Intern interview process covers System Design and Leadership Principles and OOP. Candidates are evaluated on real-world problem solving.
131,50,8,5,9,Samsung Electronics Backend Engineer interview process covers DSA and Queues and Caching. Candidates are evaluated on real-world problem solving.
132,51,2,4,7,Wipro Digital SDE I interview process covers Concurrency and Leadership Principles. Candidates are evaluated on real-world problem solving.
133,51,9,4,7,Wipro Digital Frontend Engineer interview process covers Leadership Principles and Caching. Candidates are evaluated on real-world problem solving.
134,51,3,6,8,Wipro Digital SDE II interview process covers Caching and Database Design. Candidates are evaluated on real-world problem solving.
135,52,8,4,9,Manhattan Associates Backend Engineer interview process covers Leadership Principles and Queues. Candidates are evaluated on real-world problem solving.
136,52,9,3,7,Manhattan Associates Frontend Engineer interview process covers DSA and Database Design. Candidates are evaluated on real-world problem solving.
137,53,1,3,6,based on user inputs. Intern interview process covers Queues and Concurrency and Caching. Candidates are evaluated on real-world problem solving.
138,53,9,4,7,based on user inputs. Frontend Engineer interview process covers OOP and DSA. Candidates are evaluated on real-world problem solving.
139,54,1,4,5,PayPal Intern interview process covers System Design and Database Design and Caching. Candidates are evaluated on real-world problem solving.
140,54,2,4,8,PayPal SDE I interview process covers DSA and System Design. Candidates are evaluated on real-world problem solving.
141,54,9,3,8,PayPal Frontend Engineer interview process covers Leadership Principles and OOP. Candidates are evaluated on real-world problem solving.
142,55,3,4,8,LinkedIn SDE II interview process covers DSA and System Design. Candidates are evaluated on real-world problem solving.
143,55,2,4,7,LinkedIn SDE I interview process covers Database Design and Leadership Principles and System Design. Candidates are evaluated on real-world problem solving.
144,56,1,3,5,cppsecrets.com Intern interview process covers OOP and Caching. Candidates are evaluated on real-world problem solving.
145,56,9,5,9,cppsecrets.com Frontend Engineer interview process covers Leadership Principles and Concurrency. Candidates are evaluated on real-world problem solving.
146,56,2,5,7,cppsecrets.com SDE I interview process covers Leadership Principles and Queues. Candidates are evaluated on real-world problem solving.
147,57,3,5,8,Cogos Technologies Pvt Ltd SDE II interview process covers Concurrency and Caching. Candidates are evaluated on real-world problem solving.
148,57,2,5,6,Cogos Technologies Pvt Ltd SDE I interview process covers DSA and System Design. Candidates are evaluated on real-world problem solving.
149,58,8,4,7,Predigle Backend Engineer interview process covers DSA and OOP. Candidates are evaluated on real-world problem solving.
150,58,3,6,10,Predigle SDE II interview process covers Concurrency and Database Design and System Design. Candidates are evaluated on real-world problem solving.
151,59,3,6,9,Josh Technology Group SDE II interview process covers DSA and System Design. Candidates are evaluated on real-world problem solving.
152,59,9,3,9,Josh Technology Group Frontend Engineer interview process covers Queues and DSA. Candidates are evaluated on real-world problem solving.
153,59,1,3,5,Josh Technology Group Intern interview process covers Caching and DSA and OOP. Candidates are evaluated on real-world problem solving.
154,60,1,3,6,Deloitte Intern interview process covers Concurrency and Leadership Principles and Database Design. Candidates are evaluated on real-world problem solving.
155,60,3,6,9,Deloitte SDE II interview process covers Concurrency and System Design. Candidates are evaluated on real-world problem solving.
156,60,9,3,8,Deloitte Frontend Engineer interview process covers Concurrency and OOP. Candidates are evaluated on real-world problem solving.
157,61,1,4,5,NICE Ltd Intern interview process covers System Design and Leadership Principles and OOP. Candidates are evaluated on real-world problem solving.
158,61,3,4,9,NICE Ltd SDE II interview process covers DSA and System Design and Caching. Candidates are evaluated on real-world problem solving.
159,61,9,4,7,NICE Ltd Frontend Engineer interview process covers Concurrency and Queues. Candidates are evaluated on real-world problem solving.
160,62,3,4,10,FlexTrade SDE II interview process covers Database Design and Caching. Candidates are evaluated on real-world problem solving.
161,62,8,4,7,FlexTrade Backend Engineer interview process covers Queues and Caching. Candidates are evaluated on real-world problem solving.
162,62,9,3,7,FlexTrade Frontend Engineer interview process covers OOP and Queues and Database Design. Candidates are evaluated on real-world problem solving.
163,63,3,5,8,Codingal SDE II interview process covers Concurrency and System Design. Candidates are evaluated on real-world problem solving.
164,63,9,5,7,Codingal Frontend Engineer interview process covers System Design and Leadership Principles. Candidates are evaluated on real-world problem solving.
165,63,2,4,7,Codingal SDE I interview process covers Queues and DSA and OOP. Candidates are evaluated on real-world problem solving.
166,64,2,4,7,BillFree Labs SDE I interview process covers System Design and Leadership Principles. Candidates are evaluated on real-world problem solving.
167,64,8,5,8,BillFree Labs Backend Engineer interview process covers Concurrency and Queues. Candidates are evaluated on real-world problem solving.
168,64,9,4,7,BillFree Labs Frontend Engineer interview process covers Concurrency and Database Design. Candidates are evaluated on real-world problem solving.
169,65,9,4,8,Zolo Frontend Engineer interview process covers DSA and Concurrency. Candidates are evaluated on real-world problem solving.
170,65,1,3,6,Zolo Intern interview process covers System Design and Concurrency. Candidates are evaluated on real-world problem solving.
171,65,3,4,8,Zolo SDE II interview process covers DSA and Leadership Principles. Candidates are evaluated on real-world problem solving.
172,66,2,4,7,MAQ Software SDE I interview process covers OOP and Queues. Candidates are evaluated on real-world problem solving.
173,66,9,3,7,MAQ Software Frontend Engineer interview process covers Concurrency and Caching. Candidates are evaluated on real-world problem solving.
174,67,2,3,6,Kaggle SDE I interview process covers DSA and System Design and OOP. Candidates are evaluated on real-world problem solving.
175,67,1,3,6,Kaggle Intern interview process covers Leadership Principles and DSA and Concurrency. Candidates are evaluated on real-world problem solving.
176,67,9,5,8,Kaggle Frontend Engineer interview process covers Caching and System Design. Candidates are evaluated on real-world problem solving.
177,68,3,5,8,The Sparks Foundation SDE II interview process covers Concurrency and Caching. Candidates are evaluated on real-world problem solving.
178,68,9,4,8,The Sparks Foundation Frontend Engineer interview process covers Leadership Principles and DSA and Queues. Candidates are evaluated on real-world problem solving.
179,69,8,3,9,Falistro Backend Engineer interview process covers DSA and Concurrency. Candidates are evaluated on real-world problem solving.
180,69,2,5,7,Falistro SDE I interview process covers Leadership Principles and Database Design and OOP. Candidates are evaluated on real-world problem solving.
181,69,9,5,8,Falistro Frontend Engineer interview process covers OOP and System Design and DSA. Candidates are evaluated on real-world problem solving.
182,70,9,4,7,Codepro Management Private Limited Frontend Engineer interview process covers Caching and Queues and OOP. Candidates are evaluated on real-world problem solving.
183,70,2,3,6,Codepro Management Private Limited SDE I interview process covers Concurrency and Caching. Candidates are evaluated on real-world problem solving.
184,70,1,2,5,Codepro Management Private Limited Intern interview process covers Concurrency and OOP. Candidates are evaluated on real-world problem solving.
185,71,3,4,10,TOMIA SDE II interview process covers Caching and OOP and DSA. Candidates are evaluated on real-world problem solving.
186,71,2,5,8,TOMIA SDE I interview process covers Database Design and OOP and System Design. Candidates are evaluated on real-world problem solving.
187,71,1,3,6,TOMIA Intern interview process covers Database Design and Concurrency and DSA. Candidates are evaluated on real-world problem solving.
188,72,1,4,4,ATONARP Intern interview process covers Leadership Principles and DSA. Candidates are evaluated on real-world problem solving.
189,72,2,4,8,ATONARP SDE I interview process covers Database Design and Leadership Principles. Candidates are evaluated on real-world problem solving.
190,73,3,4,8,Prismforce SDE II interview process covers System Design and Queues. Candidates are evaluated on real-world problem solving.
191,73,1,4,5,Prismforce Intern interview process covers Caching and Leadership Principles. Candidates are evaluated on real-world problem solving.
192,74,9,4,8,Lean In @IGDTUW Frontend Engineer interview process covers Database Design and Caching. Candidates are evaluated on real-world problem solving.
193,74,1,3,6,Lean In @IGDTUW Intern interview process covers Caching and System Design and Leadership Principles. Candidates are evaluated on real-world problem solving.
194,74,2,5,8,Lean In @IGDTUW SDE I interview process covers Concurrency and Caching and OOP. Candidates are evaluated on real-world problem solving.
195,75,8,5,9,Markytics Backend Engineer interview process covers Database Design and System Design and Caching. Candidates are evaluated on real-world problem solving.
196,75,3,4,10,Markytics SDE II interview process covers DSA and System Design and OOP. Candidates are evaluated on real-world problem solving.
197,76,9,5,7,Project Intern Frontend Engineer interview process covers Database Design and Leadership Principles and Caching. Candidates are evaluated on real-world problem solving.
198,76,2,3,6,Project Intern SDE I interview process covers Caching and System Design and Leadership Principles. Candidates are evaluated on real-world problem solving.
199,76,3,4,10,Project Intern SDE II interview process covers Leadership Principles and DSA and Database Design. Candidates are evaluated on real-world problem solving.
200,77,2,4,7,HELLA SDE I interview process covers DSA and Leadership Principles. Candidates are evaluated on real-world problem solving.
201,77,1,3,5,HELLA Intern interview process covers Database Design and Concurrency and Queues. Candidates are evaluated on real-world problem solving.
202,78,3,5,10,NEWME SDE II interview process covers Database Design and Concurrency. Candidates are evaluated on real-world problem solving.
203,78,8,3,7,NEWME Backend Engineer interview process covers DSA and Database Design and Queues. Candidates are evaluated on real-world problem solving.
204,78,1,2,4,NEWME Intern interview process covers Database Design and Concurrency and System Design. Candidates are evaluated on real-world problem solving.
205,79,9,4,9,backend changes. Developed the project using ReactJs and ReScript. Frontend Engineer interview process covers DSA and Concurrency and Caching. Candidates are evaluated on real-world problem solving.
206,79,1,2,6,backend changes. Developed the project using ReactJs and ReScript. Intern interview process covers Database Design and DSA and Queues. Candidates are evaluated on real-world problem solving.
207,80,2,5,8,NOGOZO SDE I interview process covers OOP and Database Design and System Design. Candidates are evaluated on real-world problem solving.
208,80,9,3,7,NOGOZO Frontend Engineer interview process covers Leadership Principles and System Design and DSA. Candidates are evaluated on real-world problem solving.
209,80,8,4,7,NOGOZO Backend Engineer interview process covers System Design and Database Design and Caching. Candidates are evaluated on real-world problem solving.
210,81,2,3,6,Chegg Inc. SDE I interview process covers System Design and Concurrency and DSA. Candidates are evaluated on real-world problem solving.
211,81,1,3,5,Chegg Inc. Intern interview process covers Leadership Principles and Caching and Database Design. Candidates are evaluated on real-world problem solving.
212,81,8,3,9,Chegg Inc. Backend Engineer interview process covers Database Design and Leadership Principles and Concurrency. Candidates are evaluated on real-world problem solving.
213,82,2,4,7,Ecowiser SDE I interview process covers OOP and System Design and Database Design. Candidates are evaluated on real-world problem solving.
214,82,8,5,7,Ecowiser Backend Engineer interview process covers System Design and DSA. Candidates are evaluated on real-world problem solving.
215,82,1,4,5,Ecowiser Intern interview process covers Concurrency and OOP and DSA. Candidates are evaluated on real-world problem solving.
216,83,9,5,8,Bungee Tech Frontend Engineer interview process covers Leadership Principles and Database Design. Candidates are evaluated on real-world problem solving.
217,83,8,3,8,Bungee Tech Backend Engineer interview process covers Database Design and DSA. Candidates are evaluated on real-world problem solving.
218,83,3,5,8,Bungee Tech SDE II interview process covers Concurrency and Queues. Candidates are evaluated on real-world problem solving.
219,84,2,4,6,MIRROR SCORE SDE I interview process covers Concurrency and Queues and Caching. Candidates are evaluated on real-world problem solving.
220,84,1,2,6,MIRROR SCORE Intern interview process covers Caching and Leadership Principles and DSA. Candidates are evaluated on real-world problem solving.
221,85,8,5,8,DataToBiz Backend Engineer interview process covers Leadership Principles and Queues and DSA. Candidates are evaluated on real-world problem solving.
222,85,9,5,9,DataToBiz Frontend Engineer interview process covers System Design and Concurrency and Leadership Principles. Candidates are evaluated on real-world problem solving.
223,86,9,3,9,reducing significant efforts to query multiple services Frontend Engineer interview process covers OOP and Queues. Candidates are evaluated on real-world problem solving.
224,86,1,4,5,reducing significant efforts to query multiple services Intern interview process covers OOP and Concurrency and Caching. Candidates are evaluated on real-world problem solving.
225,87,9,3,8,Yubi Frontend Engineer interview process covers Database Design and OOP and Queues. Candidates are evaluated on real-world problem solving.
226,87,8,5,9,Yubi Backend Engineer interview process covers DSA and Concurrency and Database Design. Candidates are evaluated on real-world problem solving.
227,87,1,4,4,Yubi Intern interview process covers Leadership Principles and Database Design. Candidates are evaluated on real-world problem solving.
228,88,1,3,5,Bennett University Intern interview process covers System Design and Queues and Leadership Principles. Candidates are evaluated on real-world problem solving.
229,88,3,4,9,Bennett University SDE II interview process covers Caching and Database Design and Leadership Principles. Candidates are evaluated on real-world problem solving.
230,88,2,4,8,Bennett University SDE I interview process covers Concurrency and Leadership Principles. Candidates are evaluated on real-world problem solving.
231,89,8,5,8,MapOut Backend Engineer interview process covers Database Design and DSA. Candidates are evaluated on real-world problem solving.
232,89,9,4,9,MapOut Frontend Engineer interview process covers Database Design and Queues and OOP. Candidates are evaluated on real-world problem solving.
233,90,2,3,6,Crio.Do SDE I interview process covers DSA and Concurrency. Candidates are evaluated on real-world problem solving.
234,90,9,3,8,Crio.Do Frontend Engineer interview process covers OOP and Database Design. Candidates are evaluated on real-world problem solving.
235,91,9,3,9,JPMorgan Chase & Co. Frontend Engineer interview process covers Concurrency and Database Design. Candidates are evaluated on real-world problem solving.
236,91,8,4,9,JPMorgan Chase & Co. Backend Engineer interview process covers Database Design and Queues and Concurrency. Candidates are evaluated on real-world problem solving.
237,91,3,6,10,JPMorgan Chase & Co. SDE II interview process covers Caching and System Design and Database Design. Candidates are evaluated on real-world problem solving.
238,92,3,5,8,ixigo SDE II interview process covers Concurrency and Queues. Candidates are evaluated on real-world problem solving.
239,92,1,2,6,ixigo Intern interview process covers Concurrency and Database Design. Candidates are evaluated on real-world problem solving.
240,93,9,3,8,Engineering IIT Ropar Frontend Engineer interview process covers Database Design and OOP. Candidates are evaluated on real-world problem solving.
241,93,1,2,4,Engineering IIT Ropar Intern interview process covers OOP and Caching and Queues. Candidates are evaluated on real-world problem solving.
242,93,3,6,9,Engineering IIT Ropar SDE II interview process covers Queues and Leadership Principles and Database Design. Candidates are evaluated on real-world problem solving.
243,94,3,5,10,E-CELL IIT ROPAR SDE II interview process covers System Design and DSA and OOP. Candidates are evaluated on real-world problem solving.
244,94,2,5,7,E-CELL IIT ROPAR SDE I interview process covers OOP and Caching and DSA. Candidates are evaluated on real-world problem solving.
245,94,8,4,7,E-CELL IIT ROPAR Backend Engineer interview process covers OOP and Caching and Database Design. Candidates are evaluated on real-world problem solving.
246,95,3,4,10,ASEAN-INDIA Hackathon SDE II interview process covers DSA and Queues. Candidates are evaluated on real-world problem solving.
247,95,9,5,8,ASEAN-INDIA Hackathon Frontend Engineer interview process covers Database Design and Caching and DSA. Candidates are evaluated on real-world problem solving.
248,95,1,4,5,ASEAN-INDIA Hackathon Intern interview process covers OOP and Concurrency and Queues. Candidates are evaluated on real-world problem solving.
249,96,1,4,6,Urban Company Intern interview process covers Leadership Principles and Caching. Candidates are evaluated on real-world problem solving.
250,96,2,4,8,Urban Company SDE I interview process covers Database Design and Queues and Caching. Candidates are evaluated on real-world problem solving.
251,96,8,5,7,Urban Company Backend Engineer interview process covers System Design and Concurrency and Leadership Principles. Candidates are evaluated on real-world problem solving.
252,97,9,4,9,Red Hat Frontend Engineer interview process covers Concurrency and Database Design. Candidates are evaluated on real-world problem solving.
253,97,2,3,8,Red Hat SDE I interview process covers Queues and Leadership Principles and Database Design. Candidates are evaluated on real-world problem solving.
254,97,3,5,9,Red Hat SDE II interview process covers Leadership Principles and Queues and DSA. Candidates are evaluated on real-world problem solving.
255,98,1,2,6,significantly. Intern interview process covers Queues and OOP. Candidates are evaluated on real-world problem solving.
256,98,9,4,8,significantly. Frontend Engineer interview process covers Database Design and System Design. Candidates are evaluated on real-world problem solving.
257,98,2,3,7,significantly. SDE I interview process covers Leadership Principles and System Design and Database Design. Candidates are evaluated on real-world problem solving.
258,99,1,3,6,Swayam Infotech Intern interview process covers Caching and Leadership Principles. Candidates are evaluated on real-world problem solving.
259,99,8,3,7,Swayam Infotech Backend Engineer interview process covers OOP and System Design and Queues. Candidates are evaluated on real-world problem solving.
260,100,8,3,9,IIT Roorkee Motorsports Backend Engineer interview process covers Queues and Concurrency and Leadership Principles. Candidates are evaluated on real-world problem solving.
261,100,1,3,5,IIT Roorkee Motorsports Intern interview process covers DSA and OOP. Candidates are evaluated on real-world problem solving.
262,101,3,5,10,Project Leader SDE II interview process covers DSA and Caching. Candidates are evaluated on real-world problem solving.
263,101,1,2,6,Project Leader Intern interview process covers Concurrency and Caching. Candidates are evaluated on real-world problem solving.
264,102,3,5,10,"Information Management Group, IIT Roorkee SDE II interview process covers Database Design and DSA and Queues. Candidates are evaluated on real-world problem solving."
265,102,2,4,7,"Information Management Group, IIT Roorkee SDE I interview process covers Caching and Concurrency and Leadership Principles. Candidates are evaluated on real-world problem solving."
266,102,1,2,5,"Information Management Group, IIT Roorkee Intern interview process covers Caching and Queues and System Design. Candidates are evaluated on real-world problem solving."
267,103,8,3,7,ITC Limited Backend Engineer interview process covers Concurrency and Caching. Candidates are evaluated on real-world problem solving.
268,103,1,2,6,ITC Limited Intern interview process covers System Design and Database Design. Candidates are evaluated on real-world problem solving.
269,104,8,5,9,Stormlight Synergies Backend Engineer interview process covers DSA and Caching. Candidates are evaluated on real-world problem solving.
270,104,3,4,10,Stormlight Synergies SDE II interview process covers DSA and Caching. Candidates are evaluated on real-world problem solving.
271,106,8,4,7,CodeChef KIET Chapter Backend Engineer interview process covers Leadership Principles and Caching and System Design. Candidates are evaluated on real-world problem solving.
272,106,9,3,9,CodeChef KIET Chapter Frontend Engineer interview process covers OOP and Concurrency. Candidates are evaluated on real-world problem solving.
273,107,9,5,9,Software Developer Engineer Frontend Engineer interview process covers Queues and Leadership Principles. Candidates are evaluated on real-world problem solving.
274,107,3,4,10,Software Developer Engineer SDE II interview process covers OOP and DSA. Candidates are evaluated on real-world problem solving.
275,108,8,5,7,Lowe's India Backend Engineer interview process covers Concurrency and Database Design and Caching. Candidates are evaluated on real-world problem solving.
276,108,2,4,7,Lowe's India SDE I interview process covers DSA and OOP. Candidates are evaluated on real-world problem solving.
277,109,2,3,6,Ambitree Technologies SDE I interview process covers System Design and DSA. Candidates are evaluated on real-world problem solving.
278,109,8,5,9,Ambitree Technologies Backend Engineer interview process covers Database Design and DSA and OOP. Candidates are evaluated on real-world problem solving.
279,109,9,3,9,Ambitree Technologies Frontend Engineer interview process covers OOP and Caching. Candidates are evaluated on real-world problem solving.
280,110,8,4,8,Ripetech Business Pvt Limited Backend Engineer interview process covers System Design and Queues. Candidates are evaluated on real-world problem solving.
281,110,3,4,8,Ripetech Business Pvt Limited SDE II interview process covers Caching and Queues and Leadership Principles. Candidates are evaluated on real-world problem solving.
282,111,8,3,7,eLDA Lab Backend Engineer interview process covers Database Design and Leadership Principles. Candidates are evaluated on real-world problem solving.
283,111,1,3,5,eLDA Lab Intern interview process covers System Design and Database Design and Queues. Candidates are evaluated on real-world problem solving.
284,111,9,3,7,eLDA Lab Frontend Engineer interview process covers Queues and Concurrency and Database Design. Candidates are evaluated on real-world problem solving.
285,112,8,3,7,Purple Tutor Backend Engineer interview process covers DSA and Queues. Candidates are evaluated on real-world problem solving.
286,112,9,3,7,Purple Tutor Frontend Engineer interview process covers Leadership Principles and Queues and OOP. Candidates are evaluated on real-world problem solving.
287,112,3,6,9,Purple Tutor SDE II interview process covers Queues and Leadership Principles. Candidates are evaluated on real-world problem solving.
288,113,9,5,7,Gap Inc. Frontend Engineer interview process covers Leadership Principles and DSA and Concurrency. Candidates are evaluated on real-world problem solving.
289,113,1,3,4,Gap Inc. Intern interview process covers OOP and Caching. Candidates are evaluated on real-world problem solving.
290,113,3,5,8,Gap Inc. SDE II interview process covers Caching and OOP. Candidates are evaluated on real-world problem solving.
291,114,8,4,8,and player analytics pipelines. Backend Engineer interview process covers Database Design and Queues and OOP. Candidates are evaluated on real-world problem solving.
292,114,2,5,6,and player analytics pipelines. SDE I interview process covers Database Design and OOP. Candidates are evaluated on real-world problem solving.
293,115,8,4,8,Gameskraft Backend Engineer interview process covers Caching and Database Design. Candidates are evaluated on real-world problem solving.
294,115,2,3,8,Gameskraft SDE I interview process covers Queues and Concurrency. Candidates are evaluated on real-world problem solving.
295,115,1,2,4,Gameskraft Intern interview process covers Leadership Principles and Queues and OOP. Candidates are evaluated on real-world problem solving.
296,116,1,3,4,nurture.farm Intern interview process covers DSA and Leadership Principles and Concurrency. Candidates are evaluated on real-world problem solving.
297,116,8,4,7,nurture.farm Backend Engineer interview process covers System Design and Queues. Candidates are evaluated on real-world problem solving.
298,116,2,5,8,nurture.farm SDE I interview process covers Concurrency and Caching and Queues. Candidates are evaluated on real-world problem solving.
299,117,3,4,9,Meesho SDE II interview process covers Leadership Principles and Caching and Queues. Candidates are evaluated on real-world problem solving.
300,117,9,4,9,Meesho Frontend Engineer interview process covers System Design and DSA and Caching. Candidates are evaluated on real-world problem solving.
301,117,1,2,4,Meesho Intern interview process covers Caching and Queues and Leadership Principles. Candidates are evaluated on real-world problem solving.
302,118,9,3,7,Vedanta Limited - Aluminium Business Frontend Engineer interview process covers Leadership Principles and System Design. Candidates are evaluated on real-world problem solving.
303,118,3,6,10,Vedanta Limited - Aluminium Business SDE II interview process covers System Design and Database Design and OOP. Candidates are evaluated on real-world problem solving.
304,118,8,3,7,Vedanta Limited - Aluminium Business Backend Engineer interview process covers Queues and System Design. Candidates are evaluated on real-world problem solving.
305,119,2,4,6,Codechef IIIT Kota Chapter SDE I interview process covers Leadership Principles and Concurrency. Candidates are evaluated on real-world problem solving.
306,119,3,6,10,Codechef IIIT Kota Chapter SDE II interview process covers Leadership Principles and DSA. Candidates are evaluated on real-world problem solving.
307,119,1,4,6,Codechef IIIT Kota Chapter Intern interview process covers Queues and Leadership Principles. Candidates are evaluated on real-world problem solving.
308,120,9,5,7,Viga Entertainment Technology Frontend Engineer interview process covers System Design and Concurrency. Candidates are evaluated on real-world problem solving.
309,120,2,5,8,Viga Entertainment Technology SDE I interview process covers Queues and Concurrency and OOP. Candidates are evaluated on real-world problem solving.
310,120,3,6,8,Viga Entertainment Technology SDE II interview process covers Queues and Database Design and Leadership Principles. Candidates are evaluated on real-world problem solving.
311,121,2,5,8,Dübverse SDE I interview process covers Caching and Leadership Principles and Queues. Candidates are evaluated on real-world problem solving.
312,121,9,5,9,Dübverse Frontend Engineer interview process covers Concurrency and System Design. Candidates are evaluated on real-world problem solving.
313,121,8,5,9,Dübverse Backend Engineer interview process covers Caching and Leadership Principles and System Design. Candidates are evaluated on real-world problem solving.
314,122,9,5,7,MatchPoint Solutions Frontend Engineer interview process covers Leadership Principles and OOP and Queues. Candidates are evaluated on real-world problem solving.
315,122,3,6,10,MatchPoint Solutions SDE II interview process covers OOP and Queues and Concurrency. Candidates are evaluated on real-world problem solving.
316,123,9,3,8,IndusianAssist Private Limited Frontend Engineer interview process covers DSA and Caching. Candidates are evaluated on real-world problem solving.
317,123,1,2,4,IndusianAssist Private Limited Intern interview process covers Database Design and Leadership Principles and Caching. Candidates are evaluated on real-world problem solving.
318,124,2,4,6,organization SDE I interview process covers Caching and Queues. Candidates are evaluated on real-world problem solving.
319,124,1,3,4,organization Intern interview process covers Queues and System Design. Candidates are evaluated on real-world problem solving.
320,124,3,6,10,organization SDE II interview process covers DSA and Concurrency and Queues. Candidates are evaluated on real-world problem solving.
321,125,3,6,9,Owasp_tiet SDE II interview process covers Leadership Principles and Queues. Candidates are evaluated on real-world problem solving.
322,125,1,2,6,Owasp_tiet Intern interview process covers Concurrency and Queues and Caching. Candidates are evaluated on real-world problem solving.
323,125,8,3,8,Owasp_tiet Backend Engineer interview process covers Database Design and Caching and DSA. Candidates are evaluated on real-world problem solving.
324,126,2,4,6,Ikarus 3D SDE I interview process covers OOP and Leadership Principles and Database Design. Candidates are evaluated on real-world problem solving.
325,126,1,2,4,Ikarus 3D Intern interview process covers DSA and Database Design and Concurrency. Candidates are evaluated on real-world problem solving.
326,127,1,3,6,Ioncure Tech Pvt. Ltd. Intern interview process covers OOP and Concurrency. Candidates are evaluated on real-world problem solving.
327,127,2,5,8,Ioncure Tech Pvt. Ltd. SDE I interview process covers System Design and Queues and Caching. Candidates are evaluated on real-world problem solving.
328,128,9,5,7,Working in the Catalogue Mangement System team Frontend Engineer interview process covers Queues and OOP. Candidates are evaluated on real-world problem solving.
329,128,2,5,7,Working in the Catalogue Mangement System team SDE I interview process covers Caching and System Design. Candidates are evaluated on real-world problem solving.
330,128,1,2,6,Working in the Catalogue Mangement System team Intern interview process covers Caching and Database Design and Queues. Candidates are evaluated on real-world problem solving.
331,129,9,5,9,TechCurators Frontend Engineer interview process covers System Design and Caching. Candidates are evaluated on real-world problem solving.
332,129,8,4,8,TechCurators Backend Engineer interview process covers Concurrency and DSA. Candidates are evaluated on real-world problem solving.
333,130,8,4,9,documentation and maintenance for the pricing micro-service. Backend Engineer interview process covers DSA and OOP and Database Design. Candidates are evaluated on real-world problem solving.
334,130,1,4,6,documentation and maintenance for the pricing micro-service. Intern interview process covers Leadership Principles and DSA and Database Design. Candidates are evaluated on real-world problem solving.
335,130,2,5,6,documentation and maintenance for the pricing micro-service. SDE I interview process covers System Design and DSA and Leadership Principles. Candidates are evaluated on real-world problem solving.
336,131,1,4,6,Porter Intern interview process covers Queues and Leadership Principles. Candidates are evaluated on real-world problem solving.
337,131,2,3,6,Porter SDE I interview process covers System Design and Caching and Queues. Candidates are evaluated on real-world problem solving.
338,132,1,4,5,Zscaler Intern interview process covers System Design and DSA. Candidates are evaluated on real-world problem solving.
339,132,8,3,7,Zscaler Backend Engineer interview process covers System Design and OOP and Leadership Principles. Candidates are evaluated on real-world problem solving.
340,133,8,5,8,Tata 1mg Backend Engineer interview process covers Caching and DSA and Concurrency. Candidates are evaluated on real-world problem solving.
341,133,9,5,7,Tata 1mg Frontend Engineer interview process covers System Design and Queues. Candidates are evaluated on real-world problem solving.
342,133,2,5,8,Tata 1mg SDE I interview process covers System Design and Database Design. Candidates are evaluated on real-world problem solving.
343,134,3,6,8,Keychain SDE II interview process covers Leadership Principles and Concurrency and Queues. Candidates are evaluated on real-world problem solving.
344,134,9,5,7,Keychain Frontend Engineer interview process covers Database Design and OOP and System Design. Candidates are evaluated on real-world problem solving.
345,135,8,5,7,WheelsEye Backend Engineer interview process covers Caching and DSA and OOP. Candidates are evaluated on real-world problem solving.
346,135,3,6,8,WheelsEye SDE II interview process covers DSA and Leadership Principles. Candidates are evaluated on real-world problem solving.
347,136,9,3,9,Bentley Systems Frontend Engineer interview process covers Concurrency and Leadership Principles and Caching. Candidates are evaluated on real-world problem solving.
348,136,1,4,4,Bentley Systems Intern interview process covers Database Design and System Design. Candidates are evaluated on real-world problem solving.
349,136,2,5,7,Bentley Systems SDE I interview process covers System Design and Leadership Principles. Candidates are evaluated on real-world problem solving.
350,137,9,5,9,Tokopedia Frontend Engineer interview process covers OOP and Caching. Candidates are evaluated on real-world problem solving.
351,137,8,3,8,Tokopedia Backend Engineer interview process covers Concurrency and Caching. Candidates are evaluated on real-world problem solving.
352,138,3,6,10,"MATRIX, Student Body, Department of Mathematics, IIT Guwahati SDE II interview process covers System Design and Database Design. Candidates are evaluated on real-world problem solving."
353,138,9,5,7,"MATRIX, Student Body, Department of Mathematics, IIT Guwahati Frontend Engineer interview process covers Caching and Concurrency. Candidates are evaluated on real-world problem solving."
354,138,1,3,5,"MATRIX, Student Body, Department of Mathematics, IIT Guwahati Intern interview process covers Database Design and OOP and Queues. Candidates are evaluated on real-world problem solving."
355,139,3,4,9,Mastercard SDE II interview process covers Concurrency and Caching. Candidates are evaluated on real-world problem solving.
356,139,8,5,9,Mastercard Backend Engineer interview process covers OOP and Queues and Database Design. Candidates are evaluated on real-world problem solving.
357,139,1,2,6,Mastercard Intern interview process covers Leadership Principles and Concurrency and Queues. Candidates are evaluated on real-world problem solving.
358,140,3,4,8,vCreaTek Consulting Services Pvt Ltd SDE II interview process covers OOP and Queues. Candidates are evaluated on real-world problem solving.
359,140,8,3,9,vCreaTek Consulting Services Pvt Ltd Backend Engineer interview process covers OOP and Caching. Candidates are evaluated on real-world problem solving.
360,140,9,5,7,vCreaTek Consulting Services Pvt Ltd Frontend Engineer interview process covers DSA and Queues. Candidates are evaluated on real-world problem solving.
361,141,9,5,7,Franklin Templeton Frontend Engineer interview process covers OOP and Leadership Principles. Candidates are evaluated on real-world problem solving.
362,141,8,5,8,Franklin Templeton Backend Engineer interview process covers Caching and Concurrency. Candidates are evaluated on real-world problem solving.
363,142,9,3,8,Adobe Frontend Engineer interview process covers Queues and Database Design. Candidates are evaluated on real-world problem solving.
364,142,3,6,8,Adobe SDE II interview process covers Database Design and Queues. Candidates are evaluated on real-world problem solving.
365,143,8,3,9,Hewlett Packard Enterprise Backend Engineer interview process covers Leadership Principles and Database Design. Candidates are evaluated on real-world problem solving.
366,143,2,3,6,Hewlett Packard Enterprise SDE I interview process covers Concurrency and DSA and Database Design. Candidates are evaluated on real-world problem solving.
367,144,2,3,8,Team Syndicate SDE I interview process covers Queues and Concurrency and Leadership Principles. Candidates are evaluated on real-world problem solving.
368,144,1,2,4,Team Syndicate Intern interview process covers System Design and Caching and OOP. Candidates are evaluated on real-world problem solving.
369,144,3,6,9,Team Syndicate SDE II interview process covers Database Design and Concurrency and Caching. Candidates are evaluated on real-world problem solving.
370,145,3,5,9,AfterNow SDE II interview process covers Queues and Database Design. Candidates are evaluated on real-world problem solving.
371,145,1,3,5,AfterNow Intern interview process covers DSA and OOP and System Design. Candidates are evaluated on real-world problem solving.
372,145,9,4,7,AfterNow Frontend Engineer interview process covers System Design and OOP. Candidates are evaluated on real-world problem solving.
373,146,2,3,7,Prometeo IIT Jodhpur SDE I interview process covers Concurrency and Leadership Principles. Candidates are evaluated on real-world problem solving.
374,146,9,4,9,Prometeo IIT Jodhpur Frontend Engineer interview process covers Leadership Principles and Caching. Candidates are evaluated on real-world problem solving.
375,146,1,3,5,Prometeo IIT Jodhpur Intern interview process covers Database Design and Caching. Candidates are evaluated on real-world problem solving.
376,147,1,2,6,Youth Conclave Intern interview process covers Database Design and Caching. Candidates are evaluated on real-world problem solving.
377,147,2,5,6,Youth Conclave SDE I interview process covers DSA and System Design. Candidates are evaluated on real-world problem solving.
378,147,9,4,7,Youth Conclave Frontend Engineer interview process covers DSA and Caching and Queues. Candidates are evaluated on real-world problem solving.
379,148,1,4,5,United Techlab Intern interview process covers Database Design and System Design and Concurrency. Candidates are evaluated on real-world problem solving.
380,148,2,5,6,United Techlab SDE I interview process covers OOP and System Design. Candidates are evaluated on real-world problem solving.
381,148,8,5,9,United Techlab Backend Engineer interview process covers Leadership Principles and OOP and Queues. Candidates are evaluated on real-world problem solving.
382,149,2,4,6,Hashtag Systems Inc SDE I interview process covers DSA and System Design. Candidates are evaluated on real-world problem solving.
383,149,8,5,9,Hashtag Systems Inc Backend Engineer interview process covers Database Design and OOP and DSA. Candidates are evaluated on real-world problem solving.
384,150,8,5,9,Newton School Backend Engineer interview process covers System Design and Concurrency. Candidates are evaluated on real-world problem solving.
385,150,1,4,4,Newton School Intern interview process covers Queues and OOP. Candidates are evaluated on real-world problem solving.
386,151,3,6,9,Fin Risk Prog and Prod Eng Tech - Tax Technology SDE II interview process covers Leadership Principles and Queues. Candidates are evaluated on real-world problem solving.
387,151,1,3,5,Fin Risk Prog and Prod Eng Tech - Tax Technology Intern interview process covers Queues and System Design. Candidates are evaluated on real-world problem solving.
388,151,9,4,8,Fin Risk Prog and Prod Eng Tech - Tax Technology Frontend Engineer interview process covers System Design and Database Design. Candidates are evaluated on real-world problem solving.
389,152,3,6,10,Morgan Stanley SDE II interview process covers System Design and OOP. Candidates are evaluated on real-world problem solving.
390,152,2,3,7,Morgan Stanley SDE I interview process covers Caching and Concurrency. Candidates are evaluated on real-world problem solving.
391,152,1,3,4,Morgan Stanley Intern interview process covers Queues and Caching. Candidates are evaluated on real-world problem solving.
392,153,3,5,10,Coding Ninjas SDE II interview process covers Queues and Leadership Principles and System Design. Candidates are evaluated on real-world problem solving.
393,153,8,4,9,Coding Ninjas Backend Engineer interview process covers Database Design and Leadership Principles and OOP. Candidates are evaluated on real-world problem solving.
394,153,9,5,8,Coding Ninjas Frontend Engineer interview process covers OOP and Leadership Principles and Database Design. Candidates are evaluated on real-world problem solving.
395,154,2,3,7,OYO SDE I interview process covers System Design and Leadership Principles. Candidates are evaluated on real-world problem solving.
396,154,1,4,5,OYO Intern interview process covers DSA and System Design and Concurrency. Candidates are evaluated on real-world problem solving.
397,154,3,6,8,OYO SDE II interview process covers Database Design and Concurrency. Candidates are evaluated on real-world problem solving.
398,155,1,2,5,Team Zona Intern interview process covers DSA and Caching. Candidates are evaluated on real-world problem solving.
399,155,9,4,8,Team Zona Frontend Engineer interview process covers DSA and Queues and System Design. Candidates are evaluated on real-world problem solving.
400,155,2,5,7,Team Zona SDE I interview process covers DSA and System Design and Caching. Candidates are evaluated on real-world problem solving.
401,156,2,5,8,duties. Improved team knowledge sharing and onboarding. SDE I interview process covers Database Design and Caching. Candidates are evaluated on real-world problem solving.
402,156,1,2,5,duties. Improved team knowledge sharing and onboarding. Intern interview process covers DSA and System Design. Candidates are evaluated on real-world problem solving.
403,156,3,4,9,duties. Improved team knowledge sharing and onboarding. SDE II interview process covers Caching and Leadership Principles and Concurrency. Candidates are evaluated on real-world problem solving.
404,157,9,3,9,Mindtickle Frontend Engineer interview process covers System Design and OOP. Candidates are evaluated on real-world problem solving.
405,157,2,4,8,Mindtickle SDE I interview process covers Caching and Queues and Database Design. Candidates are evaluated on real-world problem solving.
406,157,3,4,10,Mindtickle SDE II interview process covers Leadership Principles and Concurrency. Candidates are evaluated on real-world problem solving.
407,158,3,5,10,Yamaha Motor Solutions India Pvt.Ltd. SDE II interview process covers System Design and OOP. Candidates are evaluated on real-world problem solving.
408,158,2,4,7,Yamaha Motor Solutions India Pvt.Ltd. SDE I interview process covers OOP and Leadership Principles. Candidates are evaluated on real-world problem solving.
409,159,8,4,7,eCell MSIT Backend Engineer interview process covers Leadership Principles and Caching and Concurrency. Candidates are evaluated on real-world problem solving.
410,159,9,5,7,eCell MSIT Frontend Engineer interview process covers System Design and Database Design and DSA. Candidates are evaluated on real-world problem solving.
411,159,3,5,10,eCell MSIT SDE II interview process covers Concurrency and Queues. Candidates are evaluated on real-world problem solving.
412,160,8,5,7,IEEE MSIT Backend Engineer interview process covers Concurrency and Database Design and DSA. Candidates are evaluated on real-world problem solving.
413,160,3,5,10,IEEE MSIT SDE II interview process covers System Design and OOP and Leadership Principles. Candidates are evaluated on real-world problem solving.
414,160,9,4,8,IEEE MSIT Frontend Engineer interview process covers Concurrency and OOP and Database Design. Candidates are evaluated on real-world problem solving.
415,161,2,5,6,EMTECH FOUNDATION SDE I interview process covers Concurrency and Queues. Candidates are evaluated on real-world problem solving.
416,161,8,4,7,EMTECH FOUNDATION Backend Engineer interview process covers Concurrency and Queues. Candidates are evaluated on real-world problem solving.
417,162,9,3,7,TEDxMSIT Frontend Engineer interview process covers System Design and Caching. Candidates are evaluated on real-world problem solving.
418,162,3,6,9,TEDxMSIT SDE II interview process covers DSA and Queues. Candidates are evaluated on real-world problem solving.
419,163,3,6,9,Leverage Edu SDE II interview process covers Database Design and Queues and OOP. Candidates are evaluated on real-world problem solving.
420,163,9,4,8,Leverage Edu Frontend Engineer interview process covers Database Design and DSA. Candidates are evaluated on real-world problem solving.
421,163,2,5,7,Leverage Edu SDE I interview process covers DSA and OOP and Database Design. Candidates are evaluated on real-world problem solving.
422,164,2,5,8,Goa SDE I interview process covers Caching and Leadership Principles and DSA. Candidates are evaluated on real-world problem solving.
423,164,8,3,9,Goa Backend Engineer interview process covers Queues and OOP. Candidates are evaluated on real-world problem solving.
424,164,1,2,5,Goa Intern interview process covers OOP and System Design and Leadership Principles. Candidates are evaluated on real-world problem solving.
425,165,2,5,7,Department of Backstage & Infrastructure Management SDE I interview process covers Database Design and Concurrency and Queues. Candidates are evaluated on real-world problem solving.
426,165,3,4,9,Department of Backstage & Infrastructure Management SDE II interview process covers Caching and Queues and Concurrency. Candidates are evaluated on real-world problem solving.
427,165,9,4,8,Department of Backstage & Infrastructure Management Frontend Engineer interview process covers Database Design and OOP. Candidates are evaluated on real-world problem solving.
428,166,1,2,6,UltraTech Cement Intern interview process covers Queues and System Design and Leadership Principles. Candidates are evaluated on real-world problem solving.
429,166,3,6,8,UltraTech Cement SDE II interview process covers DSA and System Design and Concurrency. Candidates are evaluated on real-world problem solving.
430,167,2,4,7,Zebra Technologies SDE I interview process covers Queues and DSA. Candidates are evaluated on real-world problem solving.
431,167,3,6,8,Zebra Technologies SDE II interview process covers Concurrency and Queues. Candidates are evaluated on real-world problem solving.
432,167,9,4,8,Zebra Technologies Frontend Engineer interview process covers Leadership Principles and Caching. Candidates are evaluated on real-world problem solving.
433,168,3,6,10,Spinny SDE II interview process covers Caching and DSA and Concurrency. Candidates are evaluated on real-world problem solving.
434,168,9,3,8,Spinny Frontend Engineer interview process covers Database Design and Queues. Candidates are evaluated on real-world problem solving.
435,168,2,4,7,Spinny SDE I interview process covers Leadership Principles and Queues and Caching. Candidates are evaluated on real-world problem solving.
436,169,1,3,5,IBM Intern interview process covers Database Design and Caching. Candidates are evaluated on real-world problem solving.
437,169,8,4,8,IBM Backend Engineer interview process covers System Design and DSA and Leadership Principles. Candidates are evaluated on real-world problem solving.
438,169,3,5,8,IBM SDE II interview process covers Caching and Leadership Principles and Database Design. Candidates are evaluated on real-world problem solving.
439,170,9,4,8,National Institute of Technology Jamshedpur Frontend Engineer interview process covers Queues and System Design and Leadership Principles. Candidates are evaluated on real-world problem solving.
440,170,8,3,7,National Institute of Technology Jamshedpur Backend Engineer interview process covers OOP and Caching. Candidates are evaluated on real-world problem solving.
441,170,2,5,8,National Institute of Technology Jamshedpur SDE I interview process covers Concurrency and System Design. Candidates are evaluated on real-world problem solving.
442,171,1,3,6,VerSe Innovation Intern interview process covers DSA and Queues. Candidates are evaluated on real-world problem solving.
443,171,9,4,9,VerSe Innovation Frontend Engineer interview process covers System Design and Database Design. Candidates are evaluated on real-world problem solving.
444,171,8,5,7,VerSe Innovation Backend Engineer interview process covers Queues and Database Design. Candidates are evaluated on real-world problem solving.
445,172,2,4,8,research center imarat SDE I interview process covers Database Design and OOP. Candidates are evaluated on real-world problem solving.
446,172,3,4,8,research center imarat SDE II interview process covers Caching and Queues. Candidates are evaluated on real-world problem solving.
447,173,8,4,9,Airtel Digital Backend Engineer interview process covers Database Design and Caching and OOP. Candidates are evaluated on real-world problem solving.
448,173,9,3,9,Airtel Digital Frontend Engineer interview process covers Queues and OOP and Caching. Candidates are evaluated on real-world problem solving.
449,173,3,6,10,Airtel Digital SDE II interview process covers Caching and Concurrency and OOP. Candidates are evaluated on real-world problem solving.
450,174,1,3,5,Bharat Heavy Electricals Limited Intern interview process covers OOP and System Design and Database Design. Candidates are evaluated on real-world problem solving.
451,174,8,3,7,Bharat Heavy Electricals Limited Backend Engineer interview process covers Caching and Database Design. Candidates are evaluated on real-world problem solving.
452,175,9,4,8,Oracle Frontend Engineer interview process covers DSA and Queues and Concurrency. Candidates are evaluated on real-world problem solving.
453,175,1,3,6,Oracle Intern interview process covers DSA and OOP. Candidates are evaluated on real-world problem solving.
454,175,3,5,8,Oracle SDE II interview process covers Queues and Concurrency and System Design. Candidates are evaluated on real-world problem solving.
455,176,8,3,8,C-DAC Backend Engineer interview process covers Queues and Caching. Candidates are evaluated on real-world problem solving.
456,176,9,3,9,C-DAC Frontend Engineer interview process covers OOP and Caching and Queues. Candidates are evaluated on real-world problem solving.
457,177,8,3,7,and provide consistent error responses across the API Endpoints. Backend Engineer interview process covers System Design and Caching and Concurrency. Candidates are evaluated on real-world problem solving.
458,177,2,5,7,and provide consistent error responses across the API Endpoints. SDE I interview process covers Leadership Principles and System Design and Database Design. Candidates are evaluated on real-world problem solving.
459,177,1,2,4,and provide consistent error responses across the API Endpoints. Intern interview process covers DSA and System Design. Candidates are evaluated on real-world problem solving.
460,178,3,4,10,CodeSpeedy Technology Private Limited SDE II interview process covers DSA and System Design and Leadership Principles. Candidates are evaluated on real-world problem solving.
461,178,9,3,7,CodeSpeedy Technology Private Limited Frontend Engineer interview process covers Concurrency and Database Design and Leadership Principles. Candidates are evaluated on real-world problem solving.
462,179,8,5,7,Oceanblaze Private Limited Backend Engineer interview process covers System Design and Queues and Leadership Principles. Candidates are evaluated on real-world problem solving.
463,179,3,4,9,Oceanblaze Private Limited SDE II interview process covers System Design and OOP and Concurrency. Candidates are evaluated on real-world problem solving.
464,179,2,3,6,Oceanblaze Private Limited SDE I interview process covers Queues and Leadership Principles and DSA. Candidates are evaluated on real-world problem solving.
465,180,2,4,6,MathWorks SDE I interview process covers Concurrency and Leadership Principles. Candidates are evaluated on real-world problem solving.
466,180,8,5,7,MathWorks Backend Engineer interview process covers Leadership Principles and Concurrency. Candidates are evaluated on real-world problem solving.
467,181,3,6,8,Zeta SDE II interview process covers OOP and Concurrency. Candidates are evaluated on real-world problem solving.
468,181,2,5,7,Zeta SDE I interview process covers Caching and DSA. Candidates are evaluated on real-world problem solving.
469,181,9,5,7,Zeta Frontend Engineer interview process covers Concurrency and Caching. Candidates are evaluated on real-world problem solving.
470,182,3,5,10,LearnMaxPro SDE II interview process covers Queues and Leadership Principles. Candidates are evaluated on real-world problem solving.
471,182,1,2,4,LearnMaxPro Intern interview process covers Leadership Principles and Caching. Candidates are evaluated on real-world problem solving.
472,182,8,5,7,LearnMaxPro Backend Engineer interview process covers System Design and Leadership Principles and Queues. Candidates are evaluated on real-world problem solving.
473,183,1,2,4,Manurbhava Ventures Pvt.Ltd Intern interview process covers Database Design and Caching and OOP. Candidates are evaluated on real-world problem solving.
474,183,3,4,8,Manurbhava Ventures Pvt.Ltd SDE II interview process covers Concurrency and Database Design and OOP. Candidates are evaluated on real-world problem solving.
475,183,8,5,8,Manurbhava Ventures Pvt.Ltd Backend Engineer interview process covers Concurrency and DSA and Caching. Candidates are evaluated on real-world problem solving.
476,184,3,4,9,Oye Rickshaw: The First & Last Mile Ride co. SDE II interview process covers OOP and Leadership Principles and Caching. Candidates are evaluated on real-world problem solving.
477,184,2,4,6,Oye Rickshaw: The First & Last Mile Ride co. SDE I interview process covers Caching and Database Design. Candidates are evaluated on real-world problem solving.
478,184,8,5,8,Oye Rickshaw: The First & Last Mile Ride co. Backend Engineer interview process covers Database Design and DSA and OOP. Candidates are evaluated on real-world problem solving.
479,185,8,4,9,Affinidi Backend Engineer interview process covers Leadership Principles and DSA and Caching. Candidates are evaluated on real-world problem solving.
480,185,3,6,9,Affinidi SDE II interview process covers DSA and OOP. Candidates are evaluated on real-world problem solving.
481,186,9,5,7,Qualcomm Frontend Engineer interview process covers Concurrency and OOP and Caching. Candidates are evaluated on real-world problem solving.
482,186,2,4,8,Qualcomm SDE I interview process covers OOP and Database Design. Candidates are evaluated on real-world problem solving.
483,186,8,4,9,Qualcomm Backend Engineer interview process covers System Design and DSA and OOP. Candidates are evaluated on real-world problem solving.
484,187,1,2,4,ShopClues Intern interview process covers System Design and Concurrency. Candidates are evaluated on real-world problem solving.
485,187,2,3,6,ShopClues SDE I interview process covers Queues and Caching. Candidates are evaluated on real-world problem solving.
486,188,9,4,7,FarEye Frontend Engineer interview process covers DSA and System Design. Candidates are evaluated on real-world problem solving.
487,188,3,6,9,FarEye SDE II interview process covers Leadership Principles and Queues. Candidates are evaluated on real-world problem solving.
488,188,1,4,4,FarEye Intern interview process covers Queues and Leadership Principles and Database Design. Candidates are evaluated on real-world problem solving.
489,189,9,5,7,Intel Labs Frontend Engineer interview process covers OOP and DSA. Candidates are evaluated on real-world problem solving.
490,189,3,4,10,Intel Labs SDE II interview process covers System Design and Caching. Candidates are evaluated on real-world problem solving.
491,190,9,3,7,Zoho Corporation Frontend Engineer interview process covers Database Design and OOP. Candidates are evaluated on real-world problem solving.
492,190,8,5,9,Zoho Corporation Backend Engineer interview process covers System Design and Queues and Caching. Candidates are evaluated on real-world problem solving.
493,191,8,3,7,Software Engineer Backend Engineer interview process covers Caching and Leadership Principles and System Design. Candidates are evaluated on real-world problem solving.
494,191,9,5,9,Software Engineer Frontend Engineer interview process covers Caching and Database Design and OOP. Candidates are evaluated on real-world problem solving.
495,191,1,3,5,Software Engineer Intern interview process covers Queues and Leadership Principles and Caching. Candidates are evaluated on real-world problem solving.
496,192,9,5,7,Walmart Global Tech India Frontend Engineer interview process covers OOP and Database Design and Concurrency. Candidates are evaluated on real-world problem solving.
497,192,2,4,7,Walmart Global Tech India SDE I interview process covers DSA and Database Design. Candidates are evaluated on real-world problem solving.
498,192,3,6,8,Walmart Global Tech India SDE II interview process covers OOP and DSA. Candidates are evaluated on real-world problem solving.
499,193,2,3,8,Nagarro SDE I interview process covers Database Design and DSA and Queues. Candidates are evaluated on real-world problem solving.
500,193,9,4,8,Nagarro Frontend Engineer interview process covers Database Design and Leadership Principles. Candidates are evaluated on real-world problem solving.
501,193,8,4,9,Nagarro Backend Engineer interview process covers Concurrency and Database Design. Candidates are evaluated on real-world problem solving.
502,194,1,2,6,PayU Intern interview process covers Caching and Queues. Candidates are evaluated on real-world problem solving.
503,194,8,4,7,PayU Backend Engineer interview process covers System Design and OOP and Caching. Candidates are evaluated on real-world problem solving.
504,194,3,5,8,PayU SDE II interview process covers System Design and Queues and DSA. Candidates are evaluated on real-world problem solving.
505,195,3,4,8,L&T Technology Services Limited SDE II interview process covers Queues and DSA. Candidates are evaluated on real-world problem solving.
506,195,8,4,9,L&T Technology Services Limited Backend Engineer interview process covers Caching and OOP. Candidates are evaluated on real-world problem solving.
507,195,2,5,6,L&T Technology Services Limited SDE I interview process covers Concurrency and System Design and DSA. Candidates are evaluated on real-world problem solving.
508,196,8,4,8,SmartSoC Solutions Pvt Ltd Backend Engineer interview process covers Database Design and System Design and Leadership Principles. Candidates are evaluated on real-world problem solving.
509,196,1,2,5,SmartSoC Solutions Pvt Ltd Intern interview process covers Queues and Database Design. Candidates are evaluated on real-world problem solving.
510,196,9,3,8,SmartSoC Solutions Pvt Ltd Frontend Engineer interview process covers Database Design and Queues and System Design. Candidates are evaluated on real-world problem solving.
511,197,9,4,9,"VORTEX, CSEA NIT Trichy Frontend Engineer interview process covers Concurrency and System Design. Candidates are evaluated on real-world problem solving."
512,197,2,3,7,"VORTEX, CSEA NIT Trichy SDE I interview process covers Caching and Leadership Principles and OOP. Candidates are evaluated on real-world problem solving."
513,197,8,3,7,"VORTEX, CSEA NIT Trichy Backend Engineer interview process covers Queues and Database Design and Leadership Principles. Candidates are evaluated on real-world problem solving."
514,198,3,6,10,Engifest DTU SDE II interview process covers OOP and System Design. Candidates are evaluated on real-world problem solving.
515,198,9,4,9,Engifest DTU Frontend Engineer interview process covers Database Design and Concurrency and DSA. Candidates are evaluated on real-world problem solving.
516,199,2,3,8,GirlScript Summer of Code SDE I interview process covers System Design and Caching. Candidates are evaluated on real-world problem solving.
517,199,3,4,8,GirlScript Summer of Code SDE II interview process covers OOP and DSA. Candidates are evaluated on real-world problem solving.
518,200,1,3,4,and Roster management. Intern interview process covers Concurrency and Caching and OOP. Candidates are evaluated on real-world problem solving.
519,200,3,4,8,and Roster management. SDE II interview process covers Leadership Principles and OOP and Caching. Candidates are evaluated on real-world problem solving.
520,200,2,3,8,and Roster management. SDE I interview process covers Queues and OOP. Candidates are evaluated on real-world problem solving.
521,201,3,4,9,Codechef DDU Chapter SDE II interview process covers OOP and DSA. Candidates are evaluated on real-world problem solving.
522,201,2,4,8,Codechef DDU Chapter SDE I interview process covers System Design and Concurrency. Candidates are evaluated on real-world problem solving.
523,202,3,5,10,Sakhatech Information Systems Pvt. Ltd SDE II interview process covers Concurrency and Leadership Principles and OOP. Candidates are evaluated on real-world problem solving.
524,202,1,4,4,Sakhatech Information Systems Pvt. Ltd Intern interview process covers Leadership Principles and Queues and OOP. Candidates are evaluated on real-world problem solving.
525,202,8,5,7,Sakhatech Information Systems Pvt. Ltd Backend Engineer interview process covers Concurrency and OOP. Candidates are evaluated on real-world problem solving.
526,203,9,3,9,Infra.Market Frontend Engineer interview process covers Caching and Concurrency and Queues. Candidates are evaluated on real-world problem solving.
527,203,1,4,4,Infra.Market Intern interview process covers Caching and Leadership Principles. Candidates are evaluated on real-world problem solving.
528,203,8,4,8,Infra.Market Backend Engineer interview process covers Concurrency and OOP and Database Design. Candidates are evaluated on real-world problem solving.
529,204,3,4,10,Vassar Labs SDE II interview process covers Concurrency and System Design and Database Design. Candidates are evaluated on real-world problem solving.
530,204,8,4,9,Vassar Labs Backend Engineer interview process covers System Design and Caching. Candidates are evaluated on real-world problem solving.
531,205,9,3,9,Phenom People Frontend Engineer interview process covers Queues and Database Design. Candidates are evaluated on real-world problem solving.
532,205,2,5,7,Phenom People SDE I interview process covers Database Design and System Design and Caching. Candidates are evaluated on real-world problem solving.
533,205,8,3,9,Phenom People Backend Engineer interview process covers Database Design and Leadership Principles. Candidates are evaluated on real-world problem solving.
534,206,8,5,9,Project Trainee Backend Engineer interview process covers Caching and DSA. Candidates are evaluated on real-world problem solving.
535,206,2,5,8,Project Trainee SDE I interview process covers Database Design and Leadership Principles. Candidates are evaluated on real-world problem solving.
536,207,1,3,5,Grasped some key concepts of IBM Worklight as well. Intern interview process covers Leadership Principles and Caching and Queues. Candidates are evaluated on real-world problem solving.
537,207,3,6,9,Grasped some key concepts of IBM Worklight as well. SDE II interview process covers Concurrency and DSA. Candidates are evaluated on real-world problem solving.
538,208,2,5,8,Dimension Data SDE I interview process covers Concurrency and OOP and System Design. Candidates are evaluated on real-world problem solving.
539,208,1,2,6,Dimension Data Intern interview process covers Caching and DSA. Candidates are evaluated on real-world problem solving.
540,209,2,5,7,Cadence SDE I interview process covers Queues and Concurrency. Candidates are evaluated on real-world problem solving.
541,209,8,4,7,Cadence Backend Engineer interview process covers Concurrency and System Design. Candidates are evaluated on real-world problem solving.
542,209,3,4,9,Cadence SDE II interview process covers OOP and Concurrency. Candidates are evaluated on real-world problem solving.
543,210,2,3,6,Synopsys Inc SDE I interview process covers Leadership Principles and Caching and Database Design. Candidates are evaluated on real-world problem solving.
544,210,9,4,7,Synopsys Inc Frontend Engineer interview process covers Queues and Leadership Principles and DSA. Candidates are evaluated on real-world problem solving.
545,211,3,6,10,preventing quality issues SDE II interview process covers System Design and Concurrency. Candidates are evaluated on real-world problem solving.
546,211,8,4,7,preventing quality issues Backend Engineer interview process covers Queues and Caching. Candidates are evaluated on real-world problem solving.
547,211,9,3,9,preventing quality issues Frontend Engineer interview process covers DSA and System Design and Database Design. Candidates are evaluated on real-world problem solving.
548,212,8,4,7,Cadence Design Systems Backend Engineer interview process covers OOP and Leadership Principles and DSA. Candidates are evaluated on real-world problem solving.
549,212,3,6,10,Cadence Design Systems SDE II interview process covers Leadership Principles and Queues. Candidates are evaluated on real-world problem solving.
550,212,2,5,7,Cadence Design Systems SDE I interview process covers System Design and Leadership Principles. Candidates are evaluated on real-world problem solving.
551,213,8,4,8,Taarangana Backend Engineer interview process covers Database Design and Concurrency. Candidates are evaluated on real-world problem solving.
552,213,9,5,9,Taarangana Frontend Engineer interview process covers Leadership Principles and DSA. Candidates are evaluated on real-world problem solving.
553,214,3,6,8,Innerve SDE II interview process covers System Design and Caching. Candidates are evaluated on real-world problem solving.
554,214,2,4,8,Innerve SDE I interview process covers System Design and OOP and Caching. Candidates are evaluated on real-world problem solving.
555,214,9,4,9,Innerve Frontend Engineer interview process covers Queues and OOP. Candidates are evaluated on real-world problem solving.
556,215,1,4,6,Makerspace Cisco thinqbator IGDTUW Intern interview process covers Database Design and Queues. Candidates are evaluated on real-world problem solving.
557,215,2,3,6,Makerspace Cisco thinqbator IGDTUW SDE I interview process covers Queues and Database Design. Candidates are evaluated on real-world problem solving.
558,215,8,4,9,Makerspace Cisco thinqbator IGDTUW Backend Engineer interview process covers OOP and Caching and System Design. Candidates are evaluated on real-world problem solving.
559,216,2,3,8,Techsters -Coding society SDE I interview process covers DSA and Concurrency and Queues. Candidates are evaluated on real-world problem solving.
560,216,9,4,9,Techsters -Coding society Frontend Engineer interview process covers Leadership Principles and System Design. Candidates are evaluated on real-world problem solving.
561,217,9,4,8,Enactus IGDTUW Frontend Engineer interview process covers System Design and OOP and Queues. Candidates are evaluated on real-world problem solving.
562,217,8,3,7,Enactus IGDTUW Backend Engineer interview process covers Concurrency and DSA and System Design. Candidates are evaluated on real-world problem solving.
563,218,1,2,4,TEDxIGDTU Intern interview process covers OOP and Database Design. Candidates are evaluated on real-world problem solving.
564,218,3,4,8,TEDxIGDTU SDE II interview process covers Queues and System Design. Candidates are evaluated on real-world problem solving.
565,219,3,5,10,Pioneering Web Solutions SDE II interview process covers DSA and Leadership Principles and Database Design. Candidates are evaluated on real-world problem solving.
566,219,2,4,7,Pioneering Web Solutions SDE I interview process covers System Design and Queues and Concurrency. Candidates are evaluated on real-world problem solving.
567,220,3,4,8,Cisco SDE II interview process covers Caching and OOP and Concurrency. Candidates are evaluated on real-world problem solving.
568,220,8,5,7,Cisco Backend Engineer interview process covers DSA and Leadership Principles. Candidates are evaluated on real-world problem solving.
569,221,8,4,9,Newzera Backend Engineer interview process covers OOP and Leadership Principles and Queues. Candidates are evaluated on real-world problem solving.
570,221,3,6,9,Newzera SDE II interview process covers Leadership Principles and OOP. Candidates are evaluated on real-world problem solving.
571,222,8,3,9,Pune District Backend Engineer interview process covers Concurrency and DSA and Queues. Candidates are evaluated on real-world problem solving.
572,222,2,3,7,Pune District SDE I interview process covers Concurrency and Queues. Candidates are evaluated on real-world problem solving.
573,222,3,6,9,Pune District SDE II interview process covers DSA and Database Design and Queues. Candidates are evaluated on real-world problem solving.
574,223,1,4,5,SAP Labs India Intern interview process covers System Design and Database Design and Queues. Candidates are evaluated on real-world problem solving.
575,223,2,5,8,SAP Labs India SDE I interview process covers DSA and Leadership Principles and Caching. Candidates are evaluated on real-world problem solving.
576,224,3,6,10,Avalara SDE II interview process covers Database Design and System Design. Candidates are evaluated on real-world problem solving.
577,224,8,4,8,Avalara Backend Engineer interview process covers Leadership Principles and Queues and DSA. Candidates are evaluated on real-world problem solving.
578,224,9,5,7,Avalara Frontend Engineer interview process covers Database Design and Caching and Concurrency. Candidates are evaluated on real-world problem solving.
579,225,8,3,9,SingleStore Backend Engineer interview process covers Caching and OOP and Queues. Candidates are evaluated on real-world problem solving.
580,225,9,3,7,SingleStore Frontend Engineer interview process covers Caching and DSA and System Design. Candidates are evaluated on real-world problem solving.
581,225,3,5,8,SingleStore SDE II interview process covers Queues and Caching and OOP. Candidates are evaluated on real-world problem solving.
582,226,9,3,9,Women Techmakers Engineering Fellows Program Frontend Engineer interview process covers OOP and Caching. Candidates are evaluated on real-world problem solving.
583,226,8,4,9,Women Techmakers Engineering Fellows Program Backend Engineer interview process covers OOP and Concurrency. Candidates are evaluated on real-world problem solving.
584,227,8,4,8,Digital Product School by UnternehmerTUM Backend Engineer interview process covers Concurrency and OOP and Database Design. Candidates are evaluated on real-world problem solving.
585,227,2,3,6,Digital Product School by UnternehmerTUM SDE I interview process covers DSA and Queues and System Design. Candidates are evaluated on real-world problem solving.
586,228,8,4,9,Dakshana Foundation Backend Engineer interview process covers Concurrency and Database Design. Candidates are evaluated on real-world problem solving.
587,228,1,3,6,Dakshana Foundation Intern interview process covers Caching and System Design and DSA. Candidates are evaluated on real-world problem solving.
588,229,2,4,7,Syntel SDE I interview process covers DSA and Database Design. Candidates are evaluated on real-world problem solving.
589,229,1,2,6,Syntel Intern interview process covers Caching and Concurrency. Candidates are evaluated on real-world problem solving.
590,230,1,2,6,slow network users. Intern interview process covers Concurrency and Database Design and System Design. Candidates are evaluated on real-world problem solving.
591,230,3,4,9,slow network users. SDE II interview process covers Caching and Queues and Concurrency. Candidates are evaluated on real-world problem solving.
592,231,3,4,9,Royal Paints & Hardware SDE II interview process covers DSA and OOP. Candidates are evaluated on real-world problem solving.
593,231,2,5,8,Royal Paints & Hardware SDE I interview process covers Concurrency and OOP. Candidates are evaluated on real-world problem solving.
594,232,9,3,9,Chromium Frontend Engineer interview process covers Concurrency and System Design and DSA. Candidates are evaluated on real-world problem solving.
595,232,3,5,10,Chromium SDE II interview process covers Leadership Principles and DSA and System Design. Candidates are evaluated on real-world problem solving.
596,232,2,3,7,Chromium SDE I interview process covers System Design and Concurrency. Candidates are evaluated on real-world problem solving.
597,233,1,3,4,HSBC Intern interview process covers Caching and Database Design and Queues. Candidates are evaluated on real-world problem solving.
598,233,8,3,9,HSBC Backend Engineer interview process covers Leadership Principles and OOP. Candidates are evaluated on real-world problem solving.
599,234,1,2,5,Expedia Group Intern interview process covers Leadership Principles and Concurrency and System Design. Candidates are evaluated on real-world problem solving.
600,234,8,3,7,Expedia Group Backend Engineer interview process covers Caching and Concurrency and System Design. Candidates are evaluated on real-world problem solving.
601,235,3,4,8,ZeMoSo Technologies SDE II interview process covers System Design and Database Design and Concurrency. Candidates are evaluated on real-world problem solving.
602,235,8,4,7,ZeMoSo Technologies Backend Engineer interview process covers Caching and OOP and Queues. Candidates are evaluated on real-world problem solving.
603,235,2,3,8,ZeMoSo Technologies SDE I interview process covers Queues and Leadership Principles. Candidates are evaluated on real-world problem solving.
604,236,3,5,10,Smart Interviews SDE II interview process covers Queues and OOP and Concurrency. Candidates are evaluated on real-world problem solving.
605,236,1,2,6,Smart Interviews Intern interview process covers Database Design and Concurrency. Candidates are evaluated on real-world problem solving.
606,237,1,4,6,Sureify Intern interview process covers Queues and OOP and Database Design. Candidates are evaluated on real-world problem solving.
607,237,3,6,10,Sureify SDE II interview process covers Database Design and Caching. Candidates are evaluated on real-world problem solving.
608,237,9,5,7,Sureify Frontend Engineer interview process covers System Design and OOP and Queues. Candidates are evaluated on real-world problem solving.
609,238,3,4,9,Salesforce SDE II interview process covers System Design and OOP and DSA. Candidates are evaluated on real-world problem solving.
610,238,1,4,6,Salesforce Intern interview process covers Caching and Concurrency and Leadership Principles. Candidates are evaluated on real-world problem solving.
611,238,2,5,6,Salesforce SDE I interview process covers Concurrency and Queues. Candidates are evaluated on real-world problem solving.
612,239,9,3,9,Celebal Technologies Frontend Engineer interview process covers Leadership Principles and OOP. Candidates are evaluated on real-world problem solving.
613,239,1,3,5,Celebal Technologies Intern interview process covers Concurrency and System Design and Caching. Candidates are evaluated on real-world problem solving.
614,240,3,6,9,knowledge SDE II interview process covers DSA and OOP. Candidates are evaluated on real-world problem solving.
615,240,9,5,8,knowledge Frontend Engineer interview process covers OOP and DSA. Candidates are evaluated on real-world problem solving.
616,240,2,4,8,knowledge SDE I interview process covers DSA and Caching. Candidates are evaluated on real-world problem solving.
617,241,1,2,5,and integration of diverse functionalities. Intern interview process covers Caching and Leadership Principles and Concurrency. Candidates are evaluated on real-world problem solving.
618,241,3,5,9,and integration of diverse functionalities. SDE II interview process covers Concurrency and Caching and System Design. Candidates are evaluated on real-world problem solving.
619,241,9,4,7,and integration of diverse functionalities. Frontend Engineer interview process covers Queues and Leadership Principles. Candidates are evaluated on real-world problem solving.
620,242,8,5,7,Phenom Backend Engineer interview process covers DSA and Leadership Principles. Candidates are evaluated on real-world problem solving.
621,242,2,5,6,Phenom SDE I interview process covers Leadership Principles and Caching. Candidates are evaluated on real-world problem solving.
622,242,9,4,7,Phenom Frontend Engineer interview process covers Database Design and Caching. Candidates are evaluated on real-world problem solving.
623,243,8,3,8,Rotaract Club of PES University Backend Engineer interview process covers Leadership Principles and Concurrency and Database Design. Candidates are evaluated on real-world problem solving.
624,243,9,3,7,Rotaract Club of PES University Frontend Engineer interview process covers DSA and OOP and Concurrency. Candidates are evaluated on real-world problem solving.
625,243,3,6,8,Rotaract Club of PES University SDE II interview process covers Queues and OOP and Leadership Principles. Candidates are evaluated on real-world problem solving.
626,244,1,3,6,PES University Intern interview process covers System Design and OOP and Concurrency. Candidates are evaluated on real-world problem solving.
627,244,9,5,7,PES University Frontend Engineer interview process covers OOP and Concurrency. Candidates are evaluated on real-world problem solving.
628,244,3,6,8,PES University SDE II interview process covers Concurrency and Leadership Principles. Candidates are evaluated on real-world problem solving.
629,245,9,5,7,IEEE Computer Society PES University Frontend Engineer interview process covers DSA and Concurrency and Queues. Candidates are evaluated on real-world problem solving.
630,245,3,6,9,IEEE Computer Society PES University SDE II interview process covers Queues and Database Design and Leadership Principles. Candidates are evaluated on real-world problem solving.
631,246,2,5,8,Minerva PESU SDE I interview process covers OOP and DSA and Caching. Candidates are evaluated on real-world problem solving.
632,246,1,3,6,Minerva PESU Intern interview process covers DSA and Caching. Candidates are evaluated on real-world problem solving.
633,246,3,5,10,Minerva PESU SDE II interview process covers OOP and Concurrency. Candidates are evaluated on real-world problem solving.
634,247,2,4,7,Centre for Innovation and Entrepreneurship - PES University SDE I interview process covers OOP and Database Design. Candidates are evaluated on real-world problem solving.
635,247,1,3,4,Centre for Innovation and Entrepreneurship - PES University Intern interview process covers Database Design and OOP. Candidates are evaluated on real-world problem solving.
636,248,8,3,8,Propheus Backend Engineer interview process covers Leadership Principles and System Design. Candidates are evaluated on real-world problem solving.
637,248,3,6,8,Propheus SDE II interview process covers System Design and Leadership Principles and OOP. Candidates are evaluated on real-world problem solving.
638,249,8,4,7,Wipro Limited Backend Engineer interview process covers Database Design and System Design and OOP. Candidates are evaluated on real-world problem solving.
639,249,9,5,8,Wipro Limited Frontend Engineer interview process covers OOP and Queues. Candidates are evaluated on real-world problem solving.
640,250,1,3,5,Solytics Partners Intern interview process covers OOP and Concurrency and Caching. Candidates are evaluated on real-world problem solving.
641,250,2,5,6,Solytics Partners SDE I interview process covers Queues and Concurrency and Database Design. Candidates are evaluated on real-world problem solving.
642,251,9,3,8,identified and managed. Frontend Engineer interview process covers Queues and Caching and Database Design. Candidates are evaluated on real-world problem solving.
643,251,8,5,9,identified and managed. Backend Engineer interview process covers System Design and OOP. Candidates are evaluated on real-world problem solving.
644,252,8,4,8,White Wular Online Offline Stores Backend Engineer interview process covers OOP and Caching. Candidates are evaluated on real-world problem solving.
645,252,3,6,9,White Wular Online Offline Stores SDE II interview process covers Concurrency and Caching and Queues. Candidates are evaluated on real-world problem solving.
646,252,2,5,6,White Wular Online Offline Stores SDE I interview process covers Database Design and Leadership Principles and OOP. Candidates are evaluated on real-world problem solving.
647,253,1,2,5,FedEx ACC Intern interview process covers System Design and Caching. Candidates are evaluated on real-world problem solving.
648,253,9,4,8,FedEx ACC Frontend Engineer interview process covers OOP and Database Design. Candidates are evaluated on real-world problem solving.
649,254,1,4,4,Goldman Sachs Intern interview process covers Concurrency and OOP. Candidates are evaluated on real-world problem solving.
650,254,9,5,7,Goldman Sachs Frontend Engineer interview process covers System Design and Queues. Candidates are evaluated on real-world problem solving.
651,255,8,3,9,Samsung R&D Institute Noida Backend Engineer interview process covers OOP and Database Design. Candidates are evaluated on real-world problem solving.
652,255,2,4,8,Samsung R&D Institute Noida SDE I interview process covers Leadership Principles and Database Design. Candidates are evaluated on real-world problem solving.
653,256,3,4,9,National Institute of Technology Warangal SDE II interview process covers Queues and Concurrency. Candidates are evaluated on real-world problem solving.
654,256,9,4,7,National Institute of Technology Warangal Frontend Engineer interview process covers OOP and System Design and Concurrency. Candidates are evaluated on real-world problem solving.
655,256,1,2,5,National Institute of Technology Warangal Intern interview process covers Queues and System Design. Candidates are evaluated on real-world problem solving.
656,257,1,3,4,KLA-Tencor Intern interview process covers Leadership Principles and Caching. Candidates are evaluated on real-world problem solving.
657,257,2,4,6,KLA-Tencor SDE I interview process covers System Design and DSA. Candidates are evaluated on real-world problem solving.
658,257,3,6,10,KLA-Tencor SDE II interview process covers Leadership Principles and DSA and Concurrency. Candidates are evaluated on real-world problem solving.
659,258,1,4,5,Joint Secretary Intern interview process covers Database Design and Caching and Leadership Principles. Candidates are evaluated on real-world problem solving.
660,258,9,4,9,Joint Secretary Frontend Engineer interview process covers Leadership Principles and Concurrency. Candidates are evaluated on real-world problem solving.
661,259,8,3,7,Incedo Inc. Backend Engineer interview process covers Leadership Principles and DSA and OOP. Candidates are evaluated on real-world problem solving.
662,259,1,4,5,Incedo Inc. Intern interview process covers OOP and Concurrency and DSA. Candidates are evaluated on real-world problem solving.
663,259,3,6,10,Incedo Inc. SDE II interview process covers Caching and OOP. Candidates are evaluated on real-world problem solving.
664,260,1,4,4,TalentSprint Intern interview process covers DSA and Concurrency. Candidates are evaluated on real-world problem solving.
665,260,8,5,7,TalentSprint Backend Engineer interview process covers Queues and DSA and Caching. Candidates are evaluated on real-world problem solving.
666,260,2,5,7,TalentSprint SDE I interview process covers System Design and Caching and Concurrency. Candidates are evaluated on real-world problem solving.
667,261,2,3,6,Fiserv SDE I interview process covers Leadership Principles and Concurrency. Candidates are evaluated on real-world problem solving.
668,261,1,2,6,Fiserv Intern interview process covers Leadership Principles and OOP and Concurrency. Candidates are evaluated on real-world problem solving.
669,262,1,2,5,Akamai Technologies Intern interview process covers Queues and DSA. Candidates are evaluated on real-world problem solving.
670,262,3,4,10,Akamai Technologies SDE II interview process covers Database Design and Caching and OOP. Candidates are evaluated on real-world problem solving.
671,263,1,4,4,Team Conatus Intern interview process covers DSA and Concurrency and OOP. Candidates are evaluated on real-world problem solving.
672,263,9,3,7,Team Conatus Frontend Engineer interview process covers DSA and System Design. Candidates are evaluated on real-world problem solving.
673,264,3,5,10,OyeBusy Technologies Pvt. Ltd. SDE II interview process covers System Design and Queues. Candidates are evaluated on real-world problem solving.
674,264,1,2,4,OyeBusy Technologies Pvt. Ltd. Intern interview process covers Concurrency and DSA and System Design. Candidates are evaluated on real-world problem solving.
675,265,3,4,10,Wiley Edge SDE II interview process covers Caching and Queues. Candidates are evaluated on real-world problem solving.
676,265,8,3,7,Wiley Edge Backend Engineer interview process covers Caching and DSA. Candidates are evaluated on real-world problem solving.
677,265,2,3,7,Wiley Edge SDE I interview process covers Queues and System Design. Candidates are evaluated on real-world problem solving.
678,266,9,3,9,Couchbase Frontend Engineer interview process covers Database Design and DSA. Candidates are evaluated on real-world problem solving.
679,266,2,5,8,Couchbase SDE I interview process covers Database Design and DSA and Concurrency. Candidates are evaluated on real-world problem solving.
680,266,8,3,7,Couchbase Backend Engineer interview process covers Database Design and DSA. Candidates are evaluated on real-world problem solving.
681,267,8,3,7,Rexzet Solutions Backend Engineer interview process covers OOP and Leadership Principles. Candidates are evaluated on real-world problem solving.
682,267,9,4,8,Rexzet Solutions Frontend Engineer interview process covers Database Design and OOP. Candidates are evaluated on real-world problem solving.
683,267,3,6,8,Rexzet Solutions SDE II interview process covers Leadership Principles and OOP. Candidates are evaluated on real-world problem solving.
684,268,3,5,8,National Service Scheme SDE II interview process covers Concurrency and DSA. Candidates are evaluated on real-world problem solving.
685,268,9,5,7,National Service Scheme Frontend Engineer interview process covers Concurrency and Leadership Principles and Caching. Candidates are evaluated on real-world problem solving.
686,269,3,4,8,INCANUS TECHNOLOGIES PRIVATE LIMITED SDE II interview process covers Leadership Principles and Concurrency. Candidates are evaluated on real-world problem solving.
687,269,1,2,4,INCANUS TECHNOLOGIES PRIVATE LIMITED Intern interview process covers DSA and Caching. Candidates are evaluated on real-world problem solving.
688,270,3,5,9,ACM Student Chapter SDE II interview process covers DSA and Leadership Principles and Caching. Candidates are evaluated on real-world problem solving.
689,270,2,3,8,ACM Student Chapter SDE I interview process covers Database Design and Queues. Candidates are evaluated on real-world problem solving.
690,270,8,3,8,ACM Student Chapter Backend Engineer interview process covers System Design and Leadership Principles. Candidates are evaluated on real-world problem solving.
691,271,9,3,9,Apple Frontend Engineer interview process covers Concurrency and Queues and DSA. Candidates are evaluated on real-world problem solving.
692,271,3,5,8,Apple SDE II interview process covers Concurrency and Caching. Candidates are evaluated on real-world problem solving.
693,271,2,4,6,Apple SDE I interview process covers Concurrency and DSA and Leadership Principles. Candidates are evaluated on real-world problem solving.
694,272,1,2,6,HighRadius Intern interview process covers Database Design and Concurrency and Leadership Principles. Candidates are evaluated on real-world problem solving.
695,272,8,3,8,HighRadius Backend Engineer interview process covers Caching and Database Design. Candidates are evaluated on real-world problem solving.
696,272,9,3,8,HighRadius Frontend Engineer interview process covers DSA and Caching. Candidates are evaluated on real-world problem solving.
697,273,3,4,9,Onsitego SDE II interview process covers Queues and System Design and Database Design. Candidates are evaluated on real-world problem solving.
698,273,2,3,7,Onsitego SDE I interview process covers Database Design and OOP. Candidates are evaluated on real-world problem solving.
699,274,1,4,5,Scaler Intern interview process covers Leadership Principles and Queues. Candidates are evaluated on real-world problem solving.
700,274,8,4,8,Scaler Backend Engineer interview process covers Queues and Caching. Candidates are evaluated on real-world problem solving.
701,275,2,4,8,Primenumbers Technologies SDE I interview process covers Database Design and OOP. Candidates are evaluated on real-world problem solving.
702,275,3,4,9,Primenumbers Technologies SDE II interview process covers DSA and Concurrency. Candidates are evaluated on real-world problem solving.
703,276,8,4,9,Shiprocket Backend Engineer interview process covers Leadership Principles and Concurrency. Candidates are evaluated on real-world problem solving.
704,276,9,3,7,Shiprocket Frontend Engineer interview process covers Queues and System Design. Candidates are evaluated on real-world problem solving.
705,277,3,4,10,GDSC IIT Ropar SDE II interview process covers DSA and Concurrency. Candidates are evaluated on real-world problem solving.
706,277,9,5,8,GDSC IIT Ropar Frontend Engineer interview process covers Leadership Principles and Queues. Candidates are evaluated on real-world problem solving.
707,278,8,3,9,blinkX Backend Engineer interview process covers Database Design and Queues and Leadership Principles. Candidates are evaluated on real-world problem solving.
708,278,9,5,8,blinkX Frontend Engineer interview process covers System Design and Concurrency. Candidates are evaluated on real-world problem solving.
709,279,9,4,8,Cosedge Frontend Engineer interview process covers System Design and OOP. Candidates are evaluated on real-world problem solving.
710,279,1,3,6,Cosedge Intern interview process covers Caching and DSA. Candidates are evaluated on real-world problem solving.
711,279,2,3,7,Cosedge SDE I interview process covers Leadership Principles and OOP and DSA. Candidates are evaluated on real-world problem solving.
712,280,3,6,10,Azurite Project Training and Consulting SDE II interview process covers Concurrency and System Design. Candidates are evaluated on real-world problem solving.
713,280,2,4,6,Azurite Project Training and Consulting SDE I interview process covers Leadership Principles and Caching. Candidates are evaluated on real-world problem solving.
714,280,9,5,9,Azurite Project Training and Consulting Frontend Engineer interview process covers Concurrency and Database Design. Candidates are evaluated on real-world problem solving.
715,281,3,4,8,Kiya.ai SDE II interview process covers Caching and Concurrency and Queues. Candidates are evaluated on real-world problem solving.
716,281,8,5,9,Kiya.ai Backend Engineer interview process covers Leadership Principles and Caching. Candidates are evaluated on real-world problem solving.
717,281,2,5,8,Kiya.ai SDE I interview process covers Leadership Principles and OOP and Database Design. Candidates are evaluated on real-world problem solving.
718,282,2,3,6,Chat SDE I interview process covers Database Design and Leadership Principles and DSA. Candidates are evaluated on real-world problem solving.
719,282,8,3,7,Chat Backend Engineer interview process covers System Design and Caching and Leadership Principles. Candidates are evaluated on real-world problem solving.
720,283,2,5,6,National engineering olympiads SDE I interview process covers Queues and Caching and OOP. Candidates are evaluated on real-world problem solving.
721,283,9,3,8,National engineering olympiads Frontend Engineer interview process covers Queues and Concurrency and Caching. Candidates are evaluated on real-world problem solving.
722,283,3,6,8,National engineering olympiads SDE II interview process covers Concurrency and DSA and Queues. Candidates are evaluated on real-world problem solving.
723,284,9,4,9,Bosch Frontend Engineer interview process covers Caching and Concurrency and OOP. Candidates are evaluated on real-world problem solving.
724,284,3,6,10,Bosch SDE II interview process covers Leadership Principles and Database Design and OOP. Candidates are evaluated on real-world problem solving.
725,285,3,5,8,Labmentix SDE II interview process covers Caching and Database Design and DSA. Candidates are evaluated on real-world problem solving.
726,285,2,3,7,Labmentix SDE I interview process covers Leadership Principles and System Design and OOP. Candidates are evaluated on real-world problem solving.
727,286,9,3,7,Elevizo Frontend Engineer interview process covers Database Design and System Design. Candidates are evaluated on real-world problem solving.
728,286,3,4,8,Elevizo SDE II interview process covers Database Design and Concurrency and Leadership Principles. Candidates are evaluated on real-world problem solving.
729,287,2,5,6,Medimaze Solutions Pvt Ltd SDE I interview process covers Caching and System Design and Database Design. Candidates are evaluated on real-world problem solving.
730,287,9,4,9,Medimaze Solutions Pvt Ltd Frontend Engineer interview process covers OOP and DSA. Candidates are evaluated on real-world problem solving.
731,287,3,4,9,Medimaze Solutions Pvt Ltd SDE II interview process covers Database Design and Concurrency and Leadership Principles. Candidates are evaluated on real-world problem solving.
732,288,1,4,6,Summer Intern Intern interview process covers Leadership Principles and Database Design and OOP. Candidates are evaluated on real-world problem solving.
733,288,3,6,8,Summer Intern SDE II interview process covers Caching and Leadership Principles and DSA. Candidates are evaluated on real-world problem solving.
734,289,1,4,4,Mindfire Solutions Intern interview process covers DSA and Concurrency and OOP. Candidates are evaluated on real-world problem solving.
735,289,2,3,7,Mindfire Solutions SDE I interview process covers System Design and Database Design and DSA. Candidates are evaluated on real-world problem solving.
736,289,3,6,10,Mindfire Solutions SDE II interview process covers Concurrency and Queues. Candidates are evaluated on real-world problem solving.
737,290,2,5,7,Impelsys SDE I interview process covers Queues and System Design. Candidates are evaluated on real-world problem solving.
738,290,1,3,5,Impelsys Intern interview process covers Caching and Concurrency. Candidates are evaluated on real-world problem solving.
739,290,8,3,9,Impelsys Backend Engineer interview process covers Caching and Concurrency and Database Design. Candidates are evaluated on real-world problem solving.
740,291,3,5,9,Quikr SDE II interview process covers System Design and Leadership Principles and Caching. Candidates are evaluated on real-world problem solving.
741,291,9,4,9,Quikr Frontend Engineer interview process covers Leadership Principles and Database Design and System Design. Candidates are evaluated on real-world problem solving.
742,292,8,5,7,Encora Inc. Backend Engineer interview process covers Concurrency and Database Design. Candidates are evaluated on real-world problem solving.
743,292,2,4,8,Encora Inc. SDE I interview process covers System Design and OOP and Concurrency. Candidates are evaluated on real-world problem solving.
744,292,3,4,8,Encora Inc. SDE II interview process covers OOP and Concurrency and System Design. Candidates are evaluated on real-world problem solving.
745,293,9,3,8,Arcesium Frontend Engineer interview process covers Leadership Principles and DSA and Database Design. Candidates are evaluated on real-world problem solving.
746,293,2,5,7,Arcesium SDE I interview process covers Leadership Principles and System Design and DSA. Candidates are evaluated on real-world problem solving.
747,293,1,2,4,Arcesium Intern interview process covers OOP and Caching and Queues. Candidates are evaluated on real-world problem solving.
748,294,1,2,5,Amdocs Intern interview process covers DSA and Leadership Principles. Candidates are evaluated on real-world problem solving.
749,294,3,5,9,Amdocs SDE II interview process covers Caching and OOP. Candidates are evaluated on real-world problem solving.
750,294,2,4,8,Amdocs SDE I interview process covers OOP and Caching and Queues. Candidates are evaluated on real-world problem solving.
751,295,1,4,6,NVIDIA Intern interview process covers OOP and System Design. Candidates are evaluated on real-world problem solving.
752,295,3,6,8,NVIDIA SDE II interview process covers Caching and Concurrency. Candidates are evaluated on real-world problem solving.
753,295,8,5,7,NVIDIA Backend Engineer interview process covers Database Design and DSA and Leadership Principles. Candidates are evaluated on real-world problem solving.
754,296,8,4,8,L3Cube Labs Backend Engineer interview process covers Concurrency and Queues. Candidates are evaluated on real-world problem solving.
755,296,3,6,8,L3Cube Labs SDE II interview process covers Database Design and OOP. Candidates are evaluated on real-world problem solving.
756,296,1,3,5,L3Cube Labs Intern interview process covers OOP and Caching and Queues. Candidates are evaluated on real-world problem solving.
757,297,1,2,4,Liv.ai Intern interview process covers Caching and Queues and Concurrency. Candidates are evaluated on real-world problem solving.
758,297,3,5,9,Liv.ai SDE II interview process covers System Design and Leadership Principles. Candidates are evaluated on real-world problem solving.
759,297,9,3,9,Liv.ai Frontend Engineer interview process covers Concurrency and Queues. Candidates are evaluated on real-world problem solving.
760,298,8,3,7,upGrad Backend Engineer interview process covers DSA and Concurrency. Candidates are evaluated on real-world problem solving.
761,298,9,4,8,upGrad Frontend Engineer interview process covers Database Design and Queues and Concurrency. Candidates are evaluated on real-world problem solving.
762,299,2,5,6,Full Stack Developer SDE I interview process covers Database Design and Queues. Candidates are evaluated on real-world problem solving.
763,299,3,6,8,Full Stack Developer SDE II interview process covers OOP and System Design. Candidates are evaluated on real-world problem solving.
764,299,1,2,4,Full Stack Developer Intern interview process covers Queues and Caching. Candidates are evaluated on real-world problem solving.
765,300,1,3,5,D Cube Analytics Intern interview process covers Concurrency and DSA. Candidates are evaluated on real-world problem solving.
766,300,9,3,9,D Cube Analytics Frontend Engineer interview process covers Leadership Principles and DSA. Candidates are evaluated on real-world problem solving.
767,301,1,4,4,Qwest Software Services Intern interview process covers System Design and OOP. Candidates are evaluated on real-world problem solving.
768,301,9,3,9,Qwest Software Services Frontend Engineer interview process covers Database Design and Caching. Candidates are evaluated on real-world problem solving.
769,301,2,4,6,Qwest Software Services SDE I interview process covers Database Design and Queues. Candidates are evaluated on real-world problem solving.
770,302,9,3,9,Exponential Frontend Engineer interview process covers System Design and DSA. Candidates are evaluated on real-world problem solving.
771,302,3,6,8,Exponential SDE II interview process covers Concurrency and Database Design. Candidates are evaluated on real-world problem solving.
772,302,2,3,8,Exponential SDE I interview process covers System Design and Leadership Principles. Candidates are evaluated on real-world problem solving.
773,303,3,6,8,Unicommerce SDE II interview process covers Caching and Concurrency. Candidates are evaluated on real-world problem solving.
774,303,2,4,6,Unicommerce SDE I interview process covers Queues and DSA. Candidates are evaluated on real-world problem solving.
775,303,8,4,7,Unicommerce Backend Engineer interview process covers System Design and OOP and Leadership Principles. Candidates are evaluated on real-world problem solving.
776,304,3,6,8,Shopsity SDE II interview process covers Caching and Concurrency. Candidates are evaluated on real-world problem solving.
777,304,9,3,8,Shopsity Frontend Engineer interview process covers Leadership Principles and OOP and Caching. Candidates are evaluated on real-world problem solving.
778,304,8,4,9,Shopsity Backend Engineer interview process covers Concurrency and OOP and Leadership Principles. Candidates are evaluated on real-world problem solving.
779,305,8,4,9,RIVIGO Backend Engineer interview process covers Database Design and DSA and Caching. Candidates are evaluated on real-world problem solving.
780,305,2,4,8,RIVIGO SDE I interview process covers Queues and Concurrency. Candidates are evaluated on real-world problem solving.
781,305,1,4,6,RIVIGO Intern interview process covers System Design and Leadership Principles. Candidates are evaluated on real-world problem solving.
782,306,8,3,7,LetsTransport Backend Engineer interview process covers Concurrency and Database Design and System Design. Candidates are evaluated on real-world problem solving.
783,306,1,4,5,LetsTransport Intern interview process covers Concurrency and Queues. Candidates are evaluated on real-world problem solving.
784,306,3,5,10,LetsTransport SDE II interview process covers OOP and Queues and Caching. Candidates are evaluated on real-world problem solving.
785,307,8,5,9,Publicis Sapient Backend Engineer interview process covers Leadership Principles and OOP and Database Design. Candidates are evaluated on real-world problem solving.
786,307,3,4,9,Publicis Sapient SDE II interview process covers System Design and Database Design. Candidates are evaluated on real-world problem solving.
787,307,2,4,7,Publicis Sapient SDE I interview process covers Database Design and DSA. Candidates are evaluated on real-world problem solving.
788,308,1,3,6,Groww Intern interview process covers Database Design and Concurrency. Candidates are evaluated on real-world problem solving.
789,308,9,5,9,Groww Frontend Engineer interview process covers Database Design and Leadership Principles and OOP. Candidates are evaluated on real-world problem solving.
790,309,1,3,4,JUSPAY Intern interview process covers Leadership Principles and Concurrency and OOP. Candidates are evaluated on real-world problem solving.
791,309,8,4,9,JUSPAY Backend Engineer interview process covers DSA and Queues and Leadership Principles. Candidates are evaluated on real-world problem solving.
792,310,1,3,5,UBS Intern interview process covers Leadership Principles and DSA and Queues. Candidates are evaluated on real-world problem solving.
793,310,8,3,9,UBS Backend Engineer interview process covers Database Design and Concurrency and Queues. Candidates are evaluated on real-world problem solving.
794,310,2,3,7,UBS SDE I interview process covers Leadership Principles and Queues and DSA. Candidates are evaluated on real-world problem solving.
795,311,9,5,7,A.P. Moller - Maersk Frontend Engineer interview process covers Queues and Database Design. Candidates are evaluated on real-world problem solving.
796,311,8,4,9,A.P. Moller - Maersk Backend Engineer interview process covers Caching and Queues and Database Design. Candidates are evaluated on real-world problem solving.
797,311,2,4,6,A.P. Moller - Maersk SDE I interview process covers DSA and System Design. Candidates are evaluated on real-world problem solving.
798,312,3,5,9,Shiryam Technologies SDE II interview process covers Queues and Database Design. Candidates are evaluated on real-world problem solving.
799,312,1,3,5,Shiryam Technologies Intern interview process covers DSA and Caching and System Design. Candidates are evaluated on real-world problem solving.
800,312,9,3,7,Shiryam Technologies Frontend Engineer interview process covers System Design and Caching and DSA. Candidates are evaluated on real-world problem solving.
801,313,1,2,6,Cogoport Intern interview process covers DSA and Concurrency and Caching. Candidates are evaluated on real-world problem solving.
802,313,3,5,10,Cogoport SDE II interview process covers OOP and DSA and Caching. Candidates are evaluated on real-world problem solving.
803,313,9,4,9,Cogoport Frontend Engineer interview process covers Caching and Concurrency. Candidates are evaluated on real-world problem solving.
804,314,3,4,10,Avaamo SDE II interview process covers Caching and Concurrency. Candidates are evaluated on real-world problem solving.
805,314,1,4,6,Avaamo Intern interview process covers Database Design and OOP and Leadership Principles. Candidates are evaluated on real-world problem solving.
806,314,2,4,7,Avaamo SDE I interview process covers Leadership Principles and Caching. Candidates are evaluated on real-world problem solving.
807,315,9,4,8,The MathWorks Frontend Engineer interview process covers OOP and Leadership Principles. Candidates are evaluated on real-world problem solving.
808,315,2,4,6,The MathWorks SDE I interview process covers System Design and OOP. Candidates are evaluated on real-world problem solving.
809,316,3,6,9,Myntra SDE II interview process covers Concurrency and Database Design and DSA. Candidates are evaluated on real-world problem solving.
810,316,1,4,5,Myntra Intern interview process covers Queues and Caching and OOP. Candidates are evaluated on real-world problem solving.
811,316,9,4,7,Myntra Frontend Engineer interview process covers Queues and Database Design and OOP. Candidates are evaluated on real-world problem solving.
812,317,9,5,9,Hult Prize Foundation Frontend Engineer interview process covers Leadership Principles and System Design. Candidates are evaluated on real-world problem solving.
813,317,2,5,8,Hult Prize Foundation SDE I interview process covers OOP and Caching and Leadership Principles. Candidates are evaluated on real-world problem solving.
814,317,1,4,5,Hult Prize Foundation Intern interview process covers Concurrency and Database Design. Candidates are evaluated on real-world problem solving.
815,318,2,5,8,ISTE NITH SDE I interview process covers Queues and Concurrency and Database Design. Candidates are evaluated on real-world problem solving.
816,318,9,3,9,ISTE NITH Frontend Engineer interview process covers Queues and Database Design. Candidates are evaluated on real-world problem solving.
817,318,1,3,6,ISTE NITH Intern interview process covers OOP and Caching. Candidates are evaluated on real-world problem solving.
818,319,8,3,7,Codess.Cafe Backend Engineer interview process covers DSA and System Design. Candidates are evaluated on real-world problem solving.
819,319,2,4,7,Codess.Cafe SDE I interview process covers Queues and Concurrency and Caching. Candidates are evaluated on real-world problem solving.
820,320,2,4,6,Harvard WECode: Women Engineers Code Conference SDE I interview process covers OOP and Queues. Candidates are evaluated on real-world problem solving.
821,320,9,4,9,Harvard WECode: Women Engineers Code Conference Frontend Engineer interview process covers DSA and Caching. Candidates are evaluated on real-world problem solving.
822,321,1,3,6,BNY Intern interview process covers System Design and Concurrency and Database Design. Candidates are evaluated on real-world problem solving.
823,321,9,5,9,BNY Frontend Engineer interview process covers Queues and Leadership Principles. Candidates are evaluated on real-world problem solving.
824,321,8,5,7,BNY Backend Engineer interview process covers System Design and OOP. Candidates are evaluated on real-world problem solving.
825,322,9,4,7,Zemoso Technologies Frontend Engineer interview process covers System Design and Queues. Candidates are evaluated on real-world problem solving.
826,322,3,5,9,Zemoso Technologies SDE II interview process covers Concurrency and Leadership Principles and System Design. Candidates are evaluated on real-world problem solving.
827,323,1,2,5,Junior Software Engineer Intern interview process covers Queues and Database Design and OOP. Candidates are evaluated on real-world problem solving.
828,323,2,3,7,Junior Software Engineer SDE I interview process covers System Design and Database Design and OOP. Candidates are evaluated on real-world problem solving.
829,324,8,3,8,Self-employed Backend Engineer interview process covers Caching and Queues and Database Design. Candidates are evaluated on real-world problem solving.
830,324,2,3,8,Self-employed SDE I interview process covers DSA and Caching. Candidates are evaluated on real-world problem solving.
831,324,9,5,7,Self-employed Frontend Engineer interview process covers Queues and Database Design and Caching. Candidates are evaluated on real-world problem solving.
832,325,1,3,4,Index Information Technology Services LLC Intern interview process covers OOP and Database Design and DSA. Candidates are evaluated on real-world problem solving.
833,325,2,3,7,Index Information Technology Services LLC SDE I interview process covers Database Design and Concurrency. Candidates are evaluated on real-world problem solving.
834,325,8,5,8,Index Information Technology Services LLC Backend Engineer interview process covers DSA and Database Design and Leadership Principles. Candidates are evaluated on real-world problem solving.
835,326,8,5,8,Imperium Software Technologies Backend Engineer interview process covers Database Design and Caching. Candidates are evaluated on real-world problem solving.
836,326,9,4,9,Imperium Software Technologies Frontend Engineer interview process covers Caching and Concurrency. Candidates are evaluated on real-world problem solving.
837,326,2,5,8,Imperium Software Technologies SDE I interview process covers Leadership Principles and Caching and DSA. Candidates are evaluated on real-world problem solving.
838,327,2,5,6,Vxaro technologies pvt ltd SDE I interview process covers Queues and System Design. Candidates are evaluated on real-world problem solving.
839,327,8,5,8,Vxaro technologies pvt ltd Backend Engineer interview process covers System Design and DSA and Leadership Principles. Candidates are evaluated on real-world problem solving.
840,328,9,5,9,Cybermasks software pvt ltd Frontend Engineer interview process covers Caching and Concurrency and Queues. Candidates are evaluated on real-world problem solving.
841,328,2,5,6,Cybermasks software pvt ltd SDE I interview process covers Database Design and Caching and OOP. Candidates are evaluated on real-world problem solving.
842,329,3,5,9,BBI SDE II interview process covers Queues and Concurrency. Candidates are evaluated on real-world problem solving.
843,329,2,5,6,BBI SDE I interview process covers DSA and OOP. Candidates are evaluated on real-world problem solving.
844,329,1,4,6,BBI Intern interview process covers System Design and Concurrency. Candidates are evaluated on real-world problem solving.
845,330,3,4,9,HCL Technologies SDE II interview process covers OOP and System Design and DSA. Candidates are evaluated on real-world problem solving.
846,330,2,4,6,HCL Technologies SDE I interview process covers DSA and Caching. Candidates are evaluated on real-world problem solving.
847,331,8,3,9,Synchrony Backend Engineer interview process covers Concurrency and Queues. Candidates are evaluated on real-world problem solving.
848,331,9,4,8,Synchrony Frontend Engineer interview process covers Queues and System Design and Concurrency. Candidates are evaluated on real-world problem solving.
849,331,1,2,6,Synchrony Intern interview process covers OOP and Caching. Candidates are evaluated on real-world problem solving.
850,332,8,4,7,CODEHUB_ Backend Engineer interview process covers OOP and Database Design. Candidates are evaluated on real-world problem solving.
851,332,2,3,8,CODEHUB_ SDE I interview process covers Concurrency and Database Design and OOP. Candidates are evaluated on real-world problem solving.
852,333,1,2,5,Opencode NIT Rourkela Intern interview process covers Concurrency and Caching and Leadership Principles. Candidates are evaluated on real-world problem solving.
853,333,9,5,8,Opencode NIT Rourkela Frontend Engineer interview process covers System Design and DSA and OOP. Candidates are evaluated on real-world problem solving.
854,333,2,3,6,Opencode NIT Rourkela SDE I interview process covers Concurrency and Leadership Principles and Database Design. Candidates are evaluated on real-world problem solving.
855,334,1,4,6,Scifor Technologies Intern interview process covers OOP and Concurrency and Caching. Candidates are evaluated on real-world problem solving.
856,334,3,5,8,Scifor Technologies SDE II interview process covers Database Design and Leadership Principles. Candidates are evaluated on real-world problem solving.
857,335,9,4,8,Curvelogics Advanced Technology Solutions Pvt Ltd Frontend Engineer interview process covers System Design and Database Design. Candidates are evaluated on real-world problem solving.
858,335,8,5,9,Curvelogics Advanced Technology Solutions Pvt Ltd Backend Engineer interview process covers Database Design and Leadership Principles and DSA. Candidates are evaluated on real-world problem solving.
859,336,1,3,6,Emirates Intern interview process covers Queues and Database Design and Leadership Principles. Candidates are evaluated on real-world problem solving.
860,336,2,5,7,Emirates SDE I interview process covers Queues and System Design and Database Design. Candidates are evaluated on real-world problem solving.
861,336,8,5,8,Emirates Backend Engineer interview process covers Leadership Principles and DSA. Candidates are evaluated on real-world problem solving.
862,337,2,3,6,SAP SDE I interview process covers Leadership Principles and Database Design. Candidates are evaluated on real-world problem solving.
863,337,1,2,6,SAP Intern interview process covers Queues and DSA and Concurrency. Candidates are evaluated on real-world problem solving.
864,338,8,5,9,Teachnook Backend Engineer interview process covers Leadership Principles and Concurrency and DSA. Candidates are evaluated on real-world problem solving.
865,338,3,6,8,Teachnook SDE II interview process covers Caching and DSA. Candidates are evaluated on real-world problem solving.
866,339,3,4,10,Times Internet SDE II interview process covers Concurrency and OOP and DSA. Candidates are evaluated on real-world problem solving.
867,339,2,5,8,Times Internet SDE I interview process covers Queues and DSA. Candidates are evaluated on real-world problem solving.
868,340,8,4,7,Movoto Backend Engineer interview process covers System Design and Concurrency and Database Design. Candidates are evaluated on real-world problem solving.
869,340,1,4,4,Movoto Intern interview process covers Database Design and DSA and Queues. Candidates are evaluated on real-world problem solving.
870,341,8,4,9,Acko Backend Engineer interview process covers Caching and DSA. Candidates are evaluated on real-world problem solving.
871,341,9,5,9,Acko Frontend Engineer interview process covers Caching and Leadership Principles and Queues. Candidates are evaluated on real-world problem solving.
872,341,3,6,8,Acko SDE II interview process covers DSA and Queues. Candidates are evaluated on real-world problem solving.
873,342,3,4,10,MedPlus Health Services Pvt. Ltd. SDE II interview process covers System Design and Concurrency and Database Design. Candidates are evaluated on real-world problem solving.
874,342,1,2,4,MedPlus Health Services Pvt. Ltd. Intern interview process covers System Design and DSA and Leadership Principles. Candidates are evaluated on real-world problem solving.
875,342,9,3,8,MedPlus Health Services Pvt. Ltd. Frontend Engineer interview process covers OOP and Caching and Queues. Candidates are evaluated on real-world problem solving.
876,343,1,3,5,Pegasystems Intern interview process covers Database Design and Leadership Principles and Caching. Candidates are evaluated on real-world problem solving.
877,343,3,4,9,Pegasystems SDE II interview process covers Leadership Principles and Concurrency. Candidates are evaluated on real-world problem solving.
878,344,8,5,8,SapientNitro Backend Engineer interview process covers Queues and Leadership Principles. Candidates are evaluated on real-world problem solving.
879,344,3,5,10,SapientNitro SDE II interview process covers Queues and Caching. Candidates are evaluated on real-world problem solving.
880,344,9,4,7,SapientNitro Frontend Engineer interview process covers Caching and Concurrency. Candidates are evaluated on real-world problem solving.
881,345,2,5,8,recruber SDE I interview process covers OOP and Concurrency. Candidates are evaluated on real-world problem solving.
882,345,8,4,7,recruber Backend Engineer interview process covers OOP and System Design and Queues. Candidates are evaluated on real-world problem solving.
883,346,2,5,6,Synechron SDE I interview process covers DSA and OOP. Candidates are evaluated on real-world problem solving.
884,346,8,3,9,Synechron Backend Engineer interview process covers Queues and DSA and Concurrency. Candidates are evaluated on real-world problem solving.
885,346,9,5,9,Synechron Frontend Engineer interview process covers Caching and Database Design and OOP. Candidates are evaluated on real-world problem solving.
886,347,9,3,9,Nokia Frontend Engineer interview process covers Database Design and Queues and System Design. Candidates are evaluated on real-world problem solving.
887,347,1,3,4,Nokia Intern interview process covers Queues and Caching. Candidates are evaluated on real-world problem solving.
888,348,3,5,10,Infosys Ltd SDE II interview process covers Caching and Queues and System Design. Candidates are evaluated on real-world problem solving.
889,348,8,3,7,Infosys Ltd Backend Engineer interview process covers OOP and Queues. Candidates are evaluated on real-world problem solving.
890,348,9,5,7,Infosys Ltd Frontend Engineer interview process covers DSA and Leadership Principles and Concurrency. Candidates are evaluated on real-world problem solving.
891,349,1,4,5,Freshworks Intern interview process covers Queues and Leadership Principles and Caching. Candidates are evaluated on real-world problem solving.
892,349,2,5,8,Freshworks SDE I interview process covers OOP and Leadership Principles and Queues. Candidates are evaluated on real-world problem solving.
893,350,8,3,7,Bharat Electronics Limited Backend Engineer interview process covers Concurrency and DSA. Candidates are evaluated on real-world problem solving.
894,350,3,4,10,Bharat Electronics Limited SDE II interview process covers DSA and System Design. Candidates are evaluated on real-world problem solving.
895,350,1,3,6,Bharat Electronics Limited Intern interview process covers Concurrency and Leadership Principles. Candidates are evaluated on real-world problem solving.
896,351,1,3,4,Verifone Intern interview process covers Queues and DSA and Leadership Principles. Candidates are evaluated on real-world problem solving.
897,351,3,4,8,Verifone SDE II interview process covers Leadership Principles and Concurrency and DSA. Candidates are evaluated on real-world problem solving.
898,352,9,4,9,Internship studio Frontend Engineer interview process covers DSA and Database Design and Leadership Principles. Candidates are evaluated on real-world problem solving.
899,352,2,3,8,Internship studio SDE I interview process covers Queues and Leadership Principles and Concurrency. Candidates are evaluated on real-world problem solving.
900,352,1,4,6,Internship studio Intern interview process covers DSA and Concurrency and Queues. Candidates are evaluated on real-world problem solving.
901,353,9,5,7,Secondary users consent management for AU-CDR clients Frontend Engineer interview process covers Queues and OOP. Candidates are evaluated on real-world problem solving.
902,353,8,4,9,Secondary users consent management for AU-CDR clients Backend Engineer interview process covers OOP and Caching. Candidates are evaluated on real-world problem solving.
903,353,1,3,5,Secondary users consent management for AU-CDR clients Intern interview process covers Leadership Principles and OOP. Candidates are evaluated on real-world problem solving.
904,354,8,3,8,Z1 Media Backend Engineer interview process covers Leadership Principles and Database Design. Candidates are evaluated on real-world problem solving.
905,354,9,4,7,Z1 Media Frontend Engineer interview process covers Caching and OOP. Candidates are evaluated on real-world problem solving.
906,354,1,4,6,Z1 Media Intern interview process covers Database Design and Leadership Principles and Caching. Candidates are evaluated on real-world problem solving.
907,355,8,3,9,Airmeet Backend Engineer interview process covers OOP and Caching. Candidates are evaluated on real-world problem solving.
908,355,3,6,8,Airmeet SDE II interview process covers Database Design and System Design and Queues. Candidates are evaluated on real-world problem solving.
909,355,2,3,8,Airmeet SDE I interview process covers System Design and Queues and Concurrency. Candidates are evaluated on real-world problem solving.
910,356,3,6,8,LTIMindtree SDE II interview process covers Caching and Database Design. Candidates are evaluated on real-world problem solving.
911,356,2,4,8,LTIMindtree SDE I interview process covers Database Design and Queues. Candidates are evaluated on real-world problem solving.
912,356,1,4,4,LTIMindtree Intern interview process covers Caching and Concurrency. Candidates are evaluated on real-world problem solving.
913,357,9,3,9,Tradable Frontend Engineer interview process covers Leadership Principles and Database Design. Candidates are evaluated on real-world problem solving.
914,357,2,4,7,Tradable SDE I interview process covers OOP and System Design. Candidates are evaluated on real-world problem solving.
915,358,1,3,4,Debugging and providing solutions promptly Intern interview process covers System Design and Queues. Candidates are evaluated on real-world problem solving.
916,358,8,5,7,Debugging and providing solutions promptly Backend Engineer interview process covers Database Design and Caching. Candidates are evaluated on real-world problem solving.
917,359,2,3,8,udaan.com SDE I interview process covers Leadership Principles and Queues and OOP. Candidates are evaluated on real-world problem solving.
918,359,3,5,10,udaan.com SDE II interview process covers Database Design and Caching. Candidates are evaluated on real-world problem solving.
919,360,3,4,9,ZEE - Technology & Innovation SDE II interview process covers DSA and System Design and Concurrency. Candidates are evaluated on real-world problem solving.
920,360,2,4,7,ZEE - Technology & Innovation SDE I interview process covers System Design and Database Design. Candidates are evaluated on real-world problem solving.
921,360,1,3,6,ZEE - Technology & Innovation Intern interview process covers Caching and Leadership Principles and Queues. Candidates are evaluated on real-world problem solving.
922,361,2,3,6,Hero Cycles Ltd SDE I interview process covers Queues and Concurrency and Leadership Principles. Candidates are evaluated on real-world problem solving.
923,361,8,5,9,Hero Cycles Ltd Backend Engineer interview process covers DSA and Concurrency and System Design. Candidates are evaluated on real-world problem solving.
924,362,9,3,8,Shriram Pistons & Ring Ltd Frontend Engineer interview process covers Queues and Leadership Principles and System Design. Candidates are evaluated on real-world problem solving.
925,362,1,3,4,Shriram Pistons & Ring Ltd Intern interview process covers DSA and Caching and Queues. Candidates are evaluated on real-world problem solving.
926,363,9,5,9,functional collaboration and clear system understanding. Frontend Engineer interview process covers Queues and Concurrency and Caching. Candidates are evaluated on real-world problem solving.
927,363,1,4,6,functional collaboration and clear system understanding. Intern interview process covers Caching and Database Design and DSA. Candidates are evaluated on real-world problem solving.
928,364,9,4,8,OSI Consulting Frontend Engineer interview process covers Leadership Principles and Caching. Candidates are evaluated on real-world problem solving.
929,364,2,4,8,OSI Consulting SDE I interview process covers Concurrency and Database Design and DSA. Candidates are evaluated on real-world problem solving.
930,364,3,4,10,OSI Consulting SDE II interview process covers Queues and Caching and Leadership Principles. Candidates are evaluated on real-world problem solving.
931,365,9,3,7,Ivy Comptech Frontend Engineer interview process covers Caching and Queues and Leadership Principles. Candidates are evaluated on real-world problem solving.
932,365,3,4,8,Ivy Comptech SDE II interview process covers OOP and System Design. Candidates are evaluated on real-world problem solving.
933,366,8,3,8,IMImobile Backend Engineer interview process covers Caching and DSA and Queues. Candidates are evaluated on real-world problem solving.
934,366,1,4,4,IMImobile Intern interview process covers OOP and Leadership Principles and Caching. Candidates are evaluated on real-world problem solving.
935,366,3,4,9,IMImobile SDE II interview process covers Concurrency and Queues and Caching. Candidates are evaluated on real-world problem solving.
936,367,3,5,10,Walmart Global Tech SDE II interview process covers Queues and OOP. Candidates are evaluated on real-world problem solving.
937,367,9,5,7,Walmart Global Tech Frontend Engineer interview process covers Caching and OOP. Candidates are evaluated on real-world problem solving.
938,368,3,4,8,Sierre Technologies LLc SDE II interview process covers Queues and DSA and Leadership Principles. Candidates are evaluated on real-world problem solving.
939,368,8,3,8,Sierre Technologies LLc Backend Engineer interview process covers Leadership Principles and System Design. Candidates are evaluated on real-world problem solving.
940,369,1,4,5,ORISERVE Intern interview process covers OOP and Leadership Principles and Concurrency. Candidates are evaluated on real-world problem solving.
941,369,3,6,9,ORISERVE SDE II interview process covers Leadership Principles and Caching and Concurrency. Candidates are evaluated on real-world problem solving.
942,369,8,3,7,ORISERVE Backend Engineer interview process covers Leadership Principles and Caching. Candidates are evaluated on real-world problem solving.
943,370,2,3,7,ZETWERK SDE I interview process covers DSA and Caching and System Design. Candidates are evaluated on real-world problem solving.
944,370,1,4,5,ZETWERK Intern interview process covers Queues and DSA. Candidates are evaluated on real-world problem solving.
945,370,3,4,9,ZETWERK SDE II interview process covers DSA and OOP and System Design. Candidates are evaluated on real-world problem solving.
946,371,3,5,9,Birdeye SDE II interview process covers Leadership Principles and DSA and System Design. Candidates are evaluated on real-world problem solving.
947,371,9,3,9,Birdeye Frontend Engineer interview process covers DSA and Database Design and Queues. Candidates are evaluated on real-world problem solving.
948,372,2,3,6,Webtek Labs Pvt. Ltd. SDE I interview process covers System Design and Queues and DSA. Candidates are evaluated on real-world problem solving.
949,372,8,4,8,Webtek Labs Pvt. Ltd. Backend Engineer interview process covers Leadership Principles and Database Design and Concurrency. Candidates are evaluated on real-world problem solving.
950,373,9,5,9,Sarvadaksh Event Solutions Pvt Ltd Frontend Engineer interview process covers Leadership Principles and Caching and Concurrency. Candidates are evaluated on real-world problem solving.
951,373,2,3,8,Sarvadaksh Event Solutions Pvt Ltd SDE I interview process covers System Design and Queues and OOP. Candidates are evaluated on real-world problem solving.
952,373,1,4,6,Sarvadaksh Event Solutions Pvt Ltd Intern interview process covers Queues and System Design and Concurrency. Candidates are evaluated on real-world problem solving.
953,374,9,4,9,Mindtree Frontend Engineer interview process covers System Design and Queues and Leadership Principles. Candidates are evaluated on real-world problem solving.
954,374,1,4,4,Mindtree Intern interview process covers System Design and Caching and OOP. Candidates are evaluated on real-world problem solving.
955,374,3,4,8,Mindtree SDE II interview process covers Concurrency and Queues. Candidates are evaluated on real-world problem solving.
956,375,9,5,9,plans by 80\%. Frontend Engineer interview process covers DSA and Database Design. Candidates are evaluated on real-world problem solving.
957,375,1,2,4,plans by 80\%. Intern interview process covers System Design and Queues and OOP. Candidates are evaluated on real-world problem solving.
958,375,8,5,8,plans by 80\%. Backend Engineer interview process covers DSA and Concurrency and Leadership Principles. Candidates are evaluated on real-world problem solving.
959,376,8,3,9,Quantiphi Backend Engineer interview process covers Queues and Database Design and DSA. Candidates are evaluated on real-world problem solving.
960,376,2,3,6,Quantiphi SDE I interview process covers OOP and System Design. Candidates are evaluated on real-world problem solving.
961,376,9,3,8,Quantiphi Frontend Engineer interview process covers Database Design and Leadership Principles. Candidates are evaluated on real-world problem solving.
962,377,2,4,6,BambooBox SDE I interview process covers DSA and Database Design. Candidates are evaluated on real-world problem solving.
963,377,1,3,4,BambooBox Intern interview process covers Database Design and Concurrency and Leadership Principles. Candidates are evaluated on real-world problem solving.
964,377,3,5,9,BambooBox SDE II interview process covers DSA and System Design. Candidates are evaluated on real-world problem solving.
965,378,9,4,9,FACT Kochi Frontend Engineer interview process covers System Design and Database Design and DSA. Candidates are evaluated on real-world problem solving.
966,378,2,4,7,FACT Kochi SDE I interview process covers System Design and Concurrency and DSA. Candidates are evaluated on real-world problem solving.
967,379,2,5,8,CETALKS SDE I interview process covers Concurrency and Queues. Candidates are evaluated on real-world problem solving.
968,379,1,4,6,CETALKS Intern interview process covers OOP and Leadership Principles. Candidates are evaluated on real-world problem solving.
969,379,9,4,8,CETALKS Frontend Engineer interview process covers Concurrency and Queues. Candidates are evaluated on real-world problem solving.
970,380,3,4,10,helping them to achieve easiness in usage of the same. SDE II interview process covers Leadership Principles and DSA and Queues. Candidates are evaluated on real-world problem solving.
971,380,2,4,8,helping them to achieve easiness in usage of the same. SDE I interview process covers Database Design and DSA and Queues. Candidates are evaluated on real-world problem solving.
972,381,3,5,9,International Centre for Free and Open Source Software SDE II interview process covers OOP and DSA. Candidates are evaluated on real-world problem solving.
973,381,9,3,9,International Centre for Free and Open Source Software Frontend Engineer interview process covers OOP and DSA. Candidates are evaluated on real-world problem solving.
974,381,8,4,9,International Centre for Free and Open Source Software Backend Engineer interview process covers Database Design and Caching. Candidates are evaluated on real-world problem solving.
975,382,8,5,8,AdroitMinds Software Labs Backend Engineer interview process covers OOP and Queues and Caching. Candidates are evaluated on real-world problem solving.
976,382,2,4,7,AdroitMinds Software Labs SDE I interview process covers Caching and Database Design. Candidates are evaluated on real-world problem solving.
977,382,3,4,9,AdroitMinds Software Labs SDE II interview process covers DSA and Caching and System Design. Candidates are evaluated on real-world problem solving.
978,383,9,3,7,Symantec Frontend Engineer interview process covers Queues and OOP. Candidates are evaluated on real-world problem solving.
979,383,8,5,9,Symantec Backend Engineer interview process covers Queues and OOP and DSA. Candidates are evaluated on real-world problem solving.
980,384,9,5,8,ZoomRx Frontend Engineer interview process covers Caching and Queues. Candidates are evaluated on real-world problem solving.
981,384,1,3,6,ZoomRx Intern interview process covers Queues and System Design and Caching. Candidates are evaluated on real-world problem solving.
982,385,1,3,4,Camp K Intern interview process covers DSA and System Design and Caching. Candidates are evaluated on real-world problem solving.
983,385,8,3,8,Camp K Backend Engineer interview process covers Concurrency and DSA and OOP. Candidates are evaluated on real-world problem solving.
984,386,2,4,6,Vyorius SDE I interview process covers Leadership Principles and Caching and Queues. Candidates are evaluated on real-world problem solving.
985,386,9,5,7,Vyorius Frontend Engineer interview process covers Concurrency and Queues. Candidates are evaluated on real-world problem solving.
986,386,8,5,8,Vyorius Backend Engineer interview process covers OOP and Leadership Principles. Candidates are evaluated on real-world problem solving.
987,387,2,5,8,Software Engineer Intern SDE I interview process covers System Design and OOP. Candidates are evaluated on real-world problem solving.
988,387,9,3,9,Software Engineer Intern Frontend Engineer interview process covers Database Design and Leadership Principles. Candidates are evaluated on real-world problem solving.
989,387,3,6,8,Software Engineer Intern SDE II interview process covers Concurrency and Queues and Caching. Candidates are evaluated on real-world problem solving.
990,388,9,5,9,Thales Frontend Engineer interview process covers DSA and Concurrency and Caching. Candidates are evaluated on real-world problem solving.
991,388,3,6,10,Thales SDE II interview process covers Caching and Concurrency. Candidates are evaluated on real-world problem solving.
992,389,3,6,9,MIR Digital Solutions SDE II interview process covers Caching and OOP and DSA. Candidates are evaluated on real-world problem solving.
993,389,1,4,4,MIR Digital Solutions Intern interview process covers OOP and Concurrency. Candidates are evaluated on real-world problem solving.
994,389,9,5,8,MIR Digital Solutions Frontend Engineer interview process covers DSA and Concurrency and System Design. Candidates are evaluated on real-world problem solving.
995,390,1,2,6,Fidelity Investments Intern interview process covers System Design and Leadership Principles and Queues. Candidates are evaluated on real-world problem solving.
996,390,9,3,8,Fidelity Investments Frontend Engineer interview process covers System Design and Caching and Queues. Candidates are evaluated on real-world problem solving.
997,390,3,4,8,Fidelity Investments SDE II interview process covers Queues and Leadership Principles and DSA. Candidates are evaluated on real-world problem solving.
998,391,3,5,8,CrimsonLogic Pte Ltd SDE II interview process covers DSA and Queues and Database Design. Candidates are evaluated on real-world problem solving.
999,391,2,5,6,CrimsonLogic Pte Ltd SDE I interview process covers Leadership Principles and Queues. Candidates are evaluated on real-world problem solving.
1000,391,1,2,6,CrimsonLogic Pte Ltd Intern interview process covers System Design and DSA and Queues. Candidates are evaluated on real-world problem solving.
1001,392,8,5,7,CGI Backend Engineer interview process covers DSA and Queues. Candidates are evaluated on real-world problem solving.
1002,392,3,5,8,CGI SDE II interview process covers Queues and DSA and Leadership Principles. Candidates are evaluated on real-world problem solving.
1003,393,9,4,8,Ayotta Technologies Frontend Engineer interview process covers System Design and OOP and Concurrency. Candidates are evaluated on real-world problem solving.
1004,393,1,2,6,Ayotta Technologies Intern interview process covers Leadership Principles and Concurrency. Candidates are evaluated on real-world problem solving.
1005,394,8,5,9,Ushur Backend Engineer interview process covers Leadership Principles and OOP. Candidates are evaluated on real-world problem solving.
1006,394,1,3,6,Ushur Intern interview process covers System Design and DSA. Candidates are evaluated on real-world problem solving.
1007,394,2,3,8,Ushur SDE I interview process covers Concurrency and OOP. Candidates are evaluated on real-world problem solving.
1008,395,9,4,8,deployment strategies based on the test results. Frontend Engineer interview process covers Leadership Principles and System Design and Queues. Candidates are evaluated on real-world problem solving.
1009,395,3,4,8,deployment strategies based on the test results. SDE II interview process covers Database Design and Leadership Principles. Candidates are evaluated on real-world problem solving.
1010,396,9,5,9,Rakuten India Frontend Engineer interview process covers Database Design and Concurrency. Candidates are evaluated on real-world problem solving.
1011,396,3,5,10,Rakuten India SDE II interview process covers OOP and Database Design and DSA. Candidates are evaluated on real-world problem solving.
1012,396,2,5,8,Rakuten India SDE I interview process covers DSA and System Design. Candidates are evaluated on real-world problem solving.
1013,397,8,3,7,M2P Fintech Backend Engineer interview process covers System Design and Database Design. Candidates are evaluated on real-world problem solving.
1014,397,3,4,10,M2P Fintech SDE II interview process covers Leadership Principles and OOP and Caching. Candidates are evaluated on real-world problem solving.
1015,398,9,4,8,F13 Technologies Frontend Engineer interview process covers Database Design and DSA and Concurrency. Candidates are evaluated on real-world problem solving.
1016,398,3,4,9,F13 Technologies SDE II interview process covers DSA and Caching. Candidates are evaluated on real-world problem solving.
1017,398,8,3,9,F13 Technologies Backend Engineer interview process covers Leadership Principles and OOP. Candidates are evaluated on real-world problem solving.
1018,399,2,5,7,ADP SDE I interview process covers Concurrency and Leadership Principles and System Design. Candidates are evaluated on real-world problem solving.
1019,399,8,3,8,ADP Backend Engineer interview process covers System Design and Database Design. Candidates are evaluated on real-world problem solving.
1020,400,9,3,8,Telstra Frontend Engineer interview process covers Concurrency and Caching and OOP. Candidates are evaluated on real-world problem solving.
1021,400,1,3,4,Telstra Intern interview process covers Concurrency and System Design. Candidates are evaluated on real-world problem solving.
1022,401,2,5,6,MakeMyTrip SDE I interview process covers Concurrency and System Design and Queues. Candidates are evaluated on real-world problem solving.
1023,401,9,3,7,MakeMyTrip Frontend Engineer interview process covers System Design and DSA and Caching. Candidates are evaluated on real-world problem solving.
1024,401,8,3,8,MakeMyTrip Backend Engineer interview process covers Caching and System Design. Candidates are evaluated on real-world problem solving.
1025,402,8,4,9,Talentica Software Backend Engineer interview process covers Queues and Caching. Candidates are evaluated on real-world problem solving.
1026,402,2,3,6,Talentica Software SDE I interview process covers Database Design and Queues. Candidates are evaluated on real-world problem solving.
1027,402,9,3,7,Talentica Software Frontend Engineer interview process covers Caching and Database Design and OOP. Candidates are evaluated on real-world problem solving.
1028,403,2,5,6,Ford Motor Company SDE I interview process covers Database Design and Leadership Principles and System Design. Candidates are evaluated on real-world problem solving.
1029,403,1,2,6,Ford Motor Company Intern interview process covers Database Design and Queues and OOP. Candidates are evaluated on real-world problem solving.
1030,403,3,6,9,Ford Motor Company SDE II interview process covers System Design and Queues. Candidates are evaluated on real-world problem solving.
1031,404,9,5,8,TVS Motor Company Frontend Engineer interview process covers Leadership Principles and OOP and Concurrency. Candidates are evaluated on real-world problem solving.
1032,404,1,2,5,TVS Motor Company Intern interview process covers Leadership Principles and Caching and Concurrency. Candidates are evaluated on real-world problem solving.
1033,404,8,4,8,TVS Motor Company Backend Engineer interview process covers DSA and System Design and Queues. Candidates are evaluated on real-world problem solving.
1034,405,8,4,7,Temenos Backend Engineer interview process covers Queues and Concurrency and OOP. Candidates are evaluated on real-world problem solving.
1035,405,2,3,7,Temenos SDE I interview process covers System Design and Leadership Principles and DSA. Candidates are evaluated on real-world problem solving.
1036,406,8,5,7,disputes against adversely rated merchants worldwide. Backend Engineer interview process covers Caching and Concurrency and Queues. Candidates are evaluated on real-world problem solving.
1037,406,3,5,9,disputes against adversely rated merchants worldwide. SDE II interview process covers Caching and Queues and Concurrency. Candidates are evaluated on real-world problem solving.
1038,406,1,3,5,disputes against adversely rated merchants worldwide. Intern interview process covers DSA and System Design and Concurrency. Candidates are evaluated on real-world problem solving.
1039,407,3,5,8,Invest on Health SDE II interview process covers System Design and Queues and Database Design. Candidates are evaluated on real-world problem solving.
1040,407,1,2,4,Invest on Health Intern interview process covers System Design and Database Design. Candidates are evaluated on real-world problem solving.
1041,408,9,4,7,Piktorlabs Inc. Frontend Engineer interview process covers OOP and Database Design and Caching. Candidates are evaluated on real-world problem solving.
1042,408,2,5,7,Piktorlabs Inc. SDE I interview process covers Database Design and Queues. Candidates are evaluated on real-world problem solving.
1043,409,1,3,5,Ather Energy Intern interview process covers DSA and Concurrency and Caching. Candidates are evaluated on real-world problem solving.
1044,409,3,6,8,Ather Energy SDE II interview process covers Concurrency and System Design and Caching. Candidates are evaluated on real-world problem solving.
1045,409,2,5,6,Ather Energy SDE I interview process covers Concurrency and OOP and Queues. Candidates are evaluated on real-world problem solving.
1046,410,8,4,7,continuous performance and quality improvements. Backend Engineer interview process covers Queues and System Design and Concurrency. Candidates are evaluated on real-world problem solving.
1047,410,3,5,10,continuous performance and quality improvements. SDE II interview process covers Caching and System Design. Candidates are evaluated on real-world problem solving.
1048,410,1,4,4,continuous performance and quality improvements. Intern interview process covers DSA and Concurrency and Caching. Candidates are evaluated on real-world problem solving.
1049,411,3,5,10,Wells Fargo SDE II interview process covers OOP and Database Design and Leadership Principles. Candidates are evaluated on real-world problem solving.
1050,411,2,3,8,Wells Fargo SDE I interview process covers Database Design and System Design. Candidates are evaluated on real-world problem solving.
1051,411,8,4,9,Wells Fargo Backend Engineer interview process covers Queues and System Design and Concurrency. Candidates are evaluated on real-world problem solving.
1052,412,9,3,8,business including Native brand Frontend Engineer interview process covers Caching and OOP. Candidates are evaluated on real-world problem solving.
1053,412,8,4,9,business including Native brand Backend Engineer interview process covers System Design and Leadership Principles and DSA. Candidates are evaluated on real-world problem solving.
